id,clave,variante,descripcion,informacion,disponible,marca,categoria,existencias,precioant,precio,destacado,orden_prod,orden_cat,createdat,related_products,ficha
100,970182,A22,Basecoat HR Cempanel |Cubeta 10 Kg,Basecoat para floteo de cempanel ideal para exterior con el mismo tono natural.,5 a 7 días hábiles,Cempanel,Cempanel,0,,$771.72,false,77,78,2026-06-29 13:25:57.825636,[],
1016,518831,CBO,Mortero Epoxico FIS SB 390 S Fischer |Fis SB 390,"El anclaje químico FIS SB 390 S o la resina FIS SB es un sistema de inyección que combina un mortero híbrido básico con la tecnología de un vinylester de silano.
El sistema superbond es una combinación de cápsula y sistema de inyección para concreto traccionado y no traccionado. 

Presentacion: Cartucho
Contenido: 390 Ml",1 día hábil,Fischer,Anclajes químicos y epoxicos,0,," $1,035.68",false,84,96,2026-06-29 13:25:57.825636,[],
1019,101039,8V3,Tablaroca Light Panel Rey |1.22 x 2.44 Mts,"El panel de yeso ligero de Panel Rey Light Rey® es un producto consistente
de un núcleo incombustible hecho esencialmente de yeso cubierto por
ambos lados con papel 100% reciclado. El papel de la cara cubre las
orillas biseladas del panel a todo lo largo para mayor fortalecimiento y
protección del núcleo. Los extremos están cuidadosamente esmerilados
en corte cuadrado. El panel de yeso Light Rey® se ofrece en una variedad
de longitudes y espesores estándares para su uso en la construcción",envio solo por camion completo,Panel Rey,Tablaroca y durock,0,,$185.02,false,98,99,2026-06-29 13:25:57.825636,"[""515"", ""498"", ""117"", ""1805"", ""771"", ""220""]",https://drive.google.com/file/d/1kmpjfrE-SwKQAROflT44qOtyafpQWLPo/view?usp=drive_link
102,BPP20,A24,Base Coat Protekto Plus Panel Rey  | 20 kg ,"El Cemento Flexible Base Coat Protekto Plus® de Panel Rey®, es un producto especializado conformado por una inteligente mezcla de cemento Pórtland, resinas poliméricas, material hidrófugo y bras de refuerzo, que tiene como función el tratamento de uniones, esquinas y molduras, jar las cintas y mallas de bra de vidrio en exterior, y servir como capa base para Paneles de Yeso exteriores ó base cemento en los sistemas DEFS (Direct Applied exterior nish Sistem). También ha sido diseñado para adherir placas semirígidas de aislamiento y embeber mallas de refuerzo para exterior (EIFS – Exterior Insulation Finishing System) que ha diferencia de los anteriores implica el uso de una placa de material aislante.",,Panel Rey,Compuestos y cintas,0,,$610.16 ,false,90,10,2026-06-29 13:25:58.002895,[],https://drive.google.com/file/d/13Mav_FmVVvZQhbYexr95XViAolF0IzNS/view?usp=sharing
1023,544157,FPH,Mortero Epoxico Fis Em Fischer |Fis EM Plus 585 S,"El mortero de inyección FIS EM Plus de fischer es un mortero de resina de epoxi de gran calidad para la máxima capacidad de carga en hormigón fisurado o comprimido, así como aplicaciones sísmicas de la categoría de rendimiento C1, C2. Es ideal para la fijación de empalmes en capas de hormigón, estanterías altas o estructuras de acero pesadas en interior y exterior.

Presentacion: Cartucho
Contenido: 585 Ml",1 a 4 días hábiles.,Fischer,Anclajes químicos y epoxicos,0,," $1,378.28",false,86,97,2026-06-29 13:25:57.825636,[],
1039,POM1516,B18,Plafon Olympia USG| Olympia Micro Usg .61 x .61 15/16.in (4221) Caja con 16 Piezas,"Es un plafón multipropósito que se caracteriza por su durabilidad, estilo y calidad. Se adapta a tus necesidades y es altamente recomendable para ser colocado en oficinas y pasillos . OLYMPIA(r) MICRO Desempeño ClimaPlus.61x.61m. Por caja cubre 5.95m2. ; No. de piezas 16pzas",1 a 2 días hábiles,Usg,Plafones y suspension,0,,"$4,381.89",false,79,87,2026-06-29 13:25:57.825636,[],
1040,1323840,28,Cempanel Celosia |Celosia Tropic Image 18 MM 1.22 x 2.44 Mts,"Las placas de CEMPANEL IMAGE pueden ser utilizadas para hacer diseños personalizados en elementos decorativos de muros interiores, logotipos, plafones, celosías para iluminación y ventilación; disponible en espesor de 18 mm.",18 a 20 dias habiles pedido minimo de 5 piezas,Cempanel,,0,,"$3,429.89",false,0,92,2026-06-29 13:25:57.825636,[],
1042,1323839,28,Cempanel Celosia |Celosia Nieve Image 18 MM 1.22 x 2.44 Mts,"Las placas de CEMPANEL IMAGE pueden ser utilizadas para hacer diseños personalizados en elementos decorativos de muros interiores, logotipos, plafones, celosías para iluminación y ventilación; disponible en espesor de 18 mm.",18 a 20 dias habiles pedido minimo de 5 piezas,Cempanel,,0,,"$3,537.21",false,3,92,2026-06-29 13:25:57.825636,[],
1046,544167,FPH,Mortero Epoxico Fis Em Fischer |FIS EM Plus 1500 S,"El mortero de inyección FIS EM Plus de fischer es un mortero de resina de epoxi de gran calidad para la máxima capacidad de carga en hormigón fisurado o comprimido, así como aplicaciones sísmicas de la categoría de rendimiento C1, C2. Es ideal para la fijación de empalmes en capas de hormigón, estanterías altas o estructuras de acero pesadas en interior y exterior.

Presentacion: Cartucho
Contenido: 1500 Ml",1 a 4 días hábiles.,Fischer,Anclajes químicos y epoxicos,0,," $3,483.57",false,86,97,2026-06-29 13:25:57.825636,[],
1047,1324025,28,Cempanel Celosia |Celosia Ventisca Image 18 MM 1.22 x 2.44,"Las placas de CEMPANEL IMAGE pueden ser utilizadas para hacer diseños personalizados en elementos decorativos de muros interiores, logotipos, plafones, celosías para iluminación y ventilación; disponible en espesor de 18 mm.",18 a 20 dias habiles pedido minimo de 5 piezas,Cempanel,,0,,"$3,854.61",false,3,92,2026-06-29 13:25:57.825636,[],
1049,1324021,28,Cempanel Celosia | Celosia Cascada Image 18 MM 1.22 x 2.44 Mts,"Las placas de CEMPANEL IMAGE pueden ser utilizadas para hacer diseños personalizados en elementos decorativos de muros interiores, logotipos, plafones, celosías para iluminación y ventilación; disponible en espesor de 18 mm.",18 a 20 dias habiles pedido minimo de 5 piezas,Cempanel,,0,,"$3,961.79",false,0,92,2026-06-29 13:25:57.825636,[],
1052,1324023,28,Cempanel Celosia | Celosia Lluvia Image 18 MM 1.22 x 2.44,"Las placas de CEMPANEL IMAGE pueden ser utilizadas para hacer diseños personalizados en elementos decorativos de muros interiores, logotipos, plafones, celosías para iluminación y ventilación; disponible en espesor de 18 mm.",18 a 20 dias habiles pedido minimo de 5 piezas,Cempanel,,0,,"$4,332.91",false,1,92,2026-06-29 13:25:57.825636,[],
1053,1324024,28,Cempanel Celosia | Celosia Viento Image 18 MM 1.22 x 2.44,"Las placas de CEMPANEL IMAGE pueden ser utilizadas para hacer diseños personalizados en elementos decorativos de muros interiores, logotipos, plafones, celosías para iluminación y ventilación; disponible en espesor de 18 mm.",18 a 20 dias habiles pedido minimo de 5 piezas,Cempanel,,0,,"$4,332.89",false,14,92,2026-06-29 13:25:57.825636,[],
1060,RGL25,55,Rollo GlasLiner Liso |  1.22 x 25 Mts 1.5 mm,"Glasliner® es un laminado plástico elaborado con resina de poliéster y reforzado con fibra de
vidrio. Glasliner® ha sido diseñado especialmente para ofrecer protección y estética en áreas
que requieren máxima resistencia, higiene y facilidad de limpieza. 

Tipo: Liso
Espesor:1.5 mm 
Medida: 1.22 x 25 Mts 
Color: Blanco",1 a 2 días hábiles,Glasliner,Glasliner,0,," $9,860.49",false,94,94,2026-06-29 13:25:57.825636,[],https://drive.google.com/file/d/1wCQGPYUM0c4Fr16u5Va2IoFSgz1Qa9NF/view?usp=sharing
1062,RGL2.3,55,Rollo GlasLiner Liso | 1.22 x 25 Mts 2.3 mm,"Glasliner® es un laminado plástico elaborado con resina de poliéster y reforzado con fibra de
vidrio. Glasliner® ha sido diseñado especialmente para ofrecer protección y estética en áreas
que requieren máxima resistencia, higiene y facilidad de limpieza. 

Tipo: Liso
Espesor:2.3 mm 
Medida: 1.22 x 25 Mts 
Color: Blanco",1 a 2 días hábiles,Glasliner,Glasliner,0,," $13,542.59",false,94,94,2026-06-29 13:25:57.825636,[],https://drive.google.com/file/d/1wCQGPYUM0c4Fr16u5Va2IoFSgz1Qa9NF/view?usp=sharing
1070,PUSG42,W8L,Poste USG Steelrock| 4.10 x 3.05 Mts c26,"Poste metálico USG Steelrock  es útil en la instalación de bastidores sólidos que soporten tableros de yeso y cemento, tanto en muros, plafón corrido, cajillos y otros elementos decorativos. Hecho con lámina de acero de primera calidad

Medida: 4.10 Cms x 3.05 Mts 
Calibre:26",1 a 2 días hábiles.,Usg,,0,,$66.00,false,3,80,2026-06-29 13:25:57.825636,[],
1071,PUSG63,W8L,Poste USG Steelrock|6.35 x 3.05 Mts c26,"Poste metálico USG Steelrock  es útil en la instalación de bastidores sólidos que soporten tableros de yeso y cemento, tanto en muros, plafón corrido, cajillos y otros elementos decorativos. Hecho con lámina de acero de primera calidad

Medida: 6.35 Cms x 3.05 Mts 
Calibre:26",1 a 2 días hábiles.,Usg,,0,,$81.00,false,3,80,2026-06-29 13:25:57.825636,[],
1072,PUSG92,W8L,Poste USG Steelrock|9.20x 3.05 mts c20,"Poste metálico USG Steelrock  es útil en la instalación de bastidores sólidos que soporten tableros de yeso y cemento, tanto en muros, plafón corrido, cajillos y otros elementos decorativos. Hecho con lámina de acero de primera calidad

Medida: 9.20 Cms x 3.05 Mts 
Calibre:20",1 a 2 días hábiles.,Usg,,0,,$205.00,false,3,80,2026-06-29 13:25:57.825636,[],
1073,PUSG62,W8L,Poste USG Steelrock|6.35 x 2.44 Mts c26,"Poste metálico USG Steelrock  es útil en la instalación de bastidores sólidos que soporten tableros de yeso y cemento, tanto en muros, plafón corrido, cajillos y otros elementos decorativos. Hecho con lámina de acero de primera calidad

Medida: 6.35 Cms x 2.44 Mts 
Calibre:26",1 a 2 días hábiles.,Usg,,0,,$64.99,false,3,80,2026-06-29 13:25:57.825636,[],
1074,PUSG65,W8L,Poste USG Steelrock|6.35 x 3.05 Mts c20,"Poste metálico USG Steelrock  es útil en la instalación de bastidores sólidos que soporten tableros de yeso y cemento, tanto en muros, plafón corrido, cajillos y otros elementos decorativos. Hecho con lámina de acero de primera calidad

Medida: 6.35 Cms x 3.05 Mts 
Calibre:20",1 a 2 días hábiles.,Usg,,0,,$169.00,false,3,80,2026-06-29 13:25:57.825636,[],
1078,CLUSG3,3HP,Canal Liston Steelrock USG |3.05 Mts c20,"Canal liston USG Steelrock  es útil en la instalación de bastidores sólidos que soporten tableros de yeso y cemento, tanto en muros, plafón corrido, cajillos y otros elementos decorativos. Hecho con lámina de acero de primera calidad

Medida:6.35 cms x 3.05 Mts 
Calibre:20",1 a 2 días hábiles,Usg,,0,,$114.00,false,20,78,2026-06-29 13:25:57.825636,[],
1079,CLUSG6,3HP,Canal Liston Steelrock USG |3.05 Mts c26,"Canal liston USG Steelrock  es útil en la instalación de bastidores sólidos que soporten tableros de yeso y cemento, tanto en muros, plafón corrido, cajillos y otros elementos decorativos. Hecho con lámina de acero de primera calidad

Medida:6.35 cms x 3.05 Mts 
Calibre:26",1 a 2 días hábiles,Usg,,0,,$53.00,false,20,78,2026-06-29 13:25:57.825636,[],
1080,CUSG65,LI3,Canal Steelrock  USG|6.35 x 3.05 Mts c22,"• Fabricados con lámina de primera calidad.
• Excepcional resistencia a la corrosión.
• Medidas precisas con uniformidad en los calibres.
• Cumplen con el estándar ASTM C645.
• Fabricados en México.",1 a 2 días hábiles,Usg,,0,,$118.00,false,3,79,2026-06-29 13:25:57.825636,[],
1082,PUSG43,W8L,Poste USG Steelrock|4.10x 2.44 mts c26,"Poste metálico USG Steelrock  es útil en la instalación de bastidores sólidos que soporten tableros de yeso y cemento, tanto en muros, plafón corrido, cajillos y otros elementos decorativos. Hecho con lámina de acero de primera calidad

Medida: 4.10 Cms x 2.44 Mts 
Calibre:26",1 a 2 días hábiles.,Usg,,0,,$53.00,false,3,80,2026-06-29 13:25:57.825636,[],
1084,AUSG30,C8Z,Angulo de Amarre Steelrock  USG| 3.05 Mts c20,"Angulo USG Steelrock  es útil en la instalación de bastidores sólidos que soporten tableros de yeso y cemento, tanto en muros, plafón corrido, cajillos y otros elementos decorativos. Hecho con lámina de acero de primera calidad

Medida: 3.05 Mts 
Calibre:20",1 a 2 días hábiles,Usg,,0,,$64.99,false,16,76,2026-06-29 13:25:57.825636,[],
1087,239,WKC,Tee Secundaria Dipemsa |15/16.in 1.22 Mts Blanca Pieza,Sistema de suspensión acústico,1 día hábil,Dipemsa,Plafones y suspension,0,,$37.56,false,64,93,2026-06-29 13:25:57.825636,[],
1095,CUSG92,LI3,Canal Steelrock  USG|9.20 x 3.05 Mts c22,"• Fabricados con lámina de primera calidad.
• Excepcional resistencia a la corrosión.
• Medidas precisas con uniformidad en los calibres.
• Cumplen con el estándar ASTM C645.
• Fabricados en México.",1 a 2 días hábiles,Usg,,0,,$150.00,false,3,79,2026-06-29 13:25:57.825636,[],
1096,520806,C5J,Espuma de Poliuretano Fischer | PU 300 Válvula Estándar,"La espuma de instalación de alta calidad con sistema adaptador de fijación.

Presentacion: Lata
Contenido: 300 Ml
Valvula: Estandar",1 a 2 días hábiles,Fischer,,0,, $84.68,false,10,85,2026-06-29 13:25:57.825636,[],
1097,CDCUSG,8MK,Canaleta de carga  Steelrock USG| 3.05 Mts c22,"Canaleta de Carga USG Steelrock  es útil en la instalación de bastidores sólidos que soporten tableros de yeso y cemento, tanto en muros, plafón corrido, cajillos y otros elementos decorativos. Hecho con lámina de acero de primera calidad

Medida: 3.05 Mts 
Calibre:22",1 a 2 días hábiles,Usg,,0,,$64.00,false,19,77,2026-06-29 13:25:57.825636,[],
1098,101057,83,Poste Metalico Galvanizado |15.24 x 3.05 Mts  C-20,"Poste Metalico Galvanizado 15.24 x 3.05 Mts Calibre 20 ideal para muros en interior o Fachadas.

Medidas: 15.24 Cms Ancho x 3.05 Mts Largo 
Calibre 20",1  a 2 días hábiles,Dipemsa,Perfiles galvanizados,1,,$328.90,false,5,90,2026-06-29 13:25:57.825636,[],
1101,CUSG43,LI3,Canal Steelrock  USG| 4.10 x 3.05 Mts c26,"• Fabricados con lámina de primera calidad.
• Excepcional resistencia a la corrosión.
• Medidas precisas con uniformidad en los calibres.
• Cumplen con el estándar ASTM C645.
• Fabricados en México.",1 a 2 días hábiles,Usg,,0,,$55.00,false,3,79,2026-06-29 13:25:57.825636,[],
1107,CUSG63,LI3,Canal Steelrock  USG|6.35 x 3.05 Mts c26,"• Fabricados con lámina de primera calidad.
• Excepcional resistencia a la corrosión.
• Medidas precisas con uniformidad en los calibres.
• Cumplen con el estándar ASTM C645.
• Fabricados en México.",1 a 2 días hábiles,Usg,,0,,$66.00,false,3,79,2026-06-29 13:25:57.825636,[],
1108,PUSG41,W8L,Poste USG Steelrock|4.10x 3.05 mts c20,"Poste metálico USG Steelrock  es útil en la instalación de bastidores sólidos que soporten tableros de yeso y cemento, tanto en muros, plafón corrido, cajillos y otros elementos decorativos. Hecho con lámina de acero de primera calidad

Medida: 4.10 Cms x 3.05 Mts 
Calibre:20",1 a 2 días hábiles.,Usg,,0,,$140.00,false,3,80,2026-06-29 13:25:57.825636,[],
1114,1324022,28,Cempanel Celosia |Celosia Reef Image 18 MM 1.22 x 2.44,"Las placas de CEMPANEL IMAGE pueden ser utilizadas para hacer diseños personalizados en elementos decorativos de muros interiores, logotipos, plafones, celosías para iluminación y ventilación; disponible en espesor de 18 mm.",18 a 20 dias habiles pedido minimo de 5 piezas,Cempanel,,0,,"$4,014.04",false,12,92,2026-06-29 13:25:57.825636,[],
116,101034,A32,Can de Madera | 0.5m x 2.40m,"Can de Madera .5 x 2.40 Mts ideal para refuerzos interiores.

Medidas: 5 cms Ancho x 2.40 Mts Largo",1 día hábil,Dipemsa,Tornilleria,57,,$50.00,false,79,81,2026-06-29 13:25:57.825636,[],
117,101004,21,Canal de Amarre Galvanizado |4.10 x 3.05 Mts C-26,"Canal de Amarre Metálico Galvanizado 4.10 x 3.05 Mts Calibre 26 ideal para muros en interior o Fachadas.

Medidas: 4.10 Cms Ancho x 3.05 Mts Largo 
Calibre 26",1 día hábil,Dipemsa,Perfiles galvanizados,0,,$59.98,false,4,89,2026-06-29 13:25:57.825636,[],
118,101002,21,Canal de Amarre Galvanizado |6.35 x 3.05 Mts C-26,"Canal de Amarre Galvanizado 6.35 x 3.05 Mts Calibre 26 ideal para muros en interior o Fachadas.

Medidas: 6.35 Cms Ancho x 3.05 Mts Largo 
Calibre 26",1 día hábil,Dipemsa,Perfiles galvanizados,0,,$74.50,false,4,89,2026-06-29 13:25:57.825636,[],
120,101046,21,Canal de Amarre Galvanizado |9.20 x 3.05 Mts C-26,"Canal de Amarre Galvanizado 9.20 x 3.05 Mts Calibre 26 ideal para muros en interior o Fachadas.

Medidas: 9.20 Cms Ancho x 3.05 Mts Largo 
Calibre 26",1 día hábil,Dipemsa,Perfiles galvanizados,0,,$103.67,false,4,89,2026-06-29 13:25:57.825636,[],
121,101047,21,Canal de Amarre Galvanizado |15.24 x 3.05 mts C-26,"Canal de Amarre Galvanizado 15.24 x 3.05 Mts Calibre 26 ideal para muros en interior o Fachadas.

Medidas: 15.24 Cms Ancho x 3.05 Mts Largo 
Calibre 26",1 a 2 días habiles,Dipemsa,Perfiles galvanizados,191,,$158.33,false,89,89,2026-06-29 13:25:57.825636,[],
122,101005,21,Canal de Amarre Galvanizado |4.10 x 3.05 Mts C-22,"Canal de Amarre Galvanizado 4.10 x 3.05 Mts Calibre 22 ideal para muros en interior o Fachadas.

Medidas: 4.10 Cms Ancho x 3.05 Mts Largo 
Calibre 22",1 día hábil,Dipemsa,Perfiles galvanizados,0,,$104.75,false,89,89,2026-06-29 13:25:57.825636,[],
1222,CUSG15,LI3,Canal Steelrock  USG|15.24 x 3.05 Mts c22,"• Fabricados con lámina de primera calidad.
• Excepcional resistencia a la corrosión.
• Medidas precisas con uniformidad en los calibres.
• Cumplen con el estándar ASTM C645.
• Fabricados en México.",1 a 2 días hábiles,Usg,,0,,$221.00,false,3,79,2026-06-29 13:25:57.825636,[],
1227,PUSG15,W8L,Poste USG Steelrock|15.24 x 3.05 Mts c20,"Poste metálico USG Steelrock  es útil en la instalación de bastidores sólidos que soporten tableros de yeso y cemento, tanto en muros, plafón corrido, cajillos y otros elementos decorativos. Hecho con lámina de acero de primera calidad

Medida: 15.24 Cms x 3.05 Mts 
Calibre:20",1 a 2 días hábiles.,Usg,,0,,$292.00,false,3,80,2026-06-29 13:25:57.825636,[],
123,101048,21,Canal de Amarre Galvanizado |6.35 x 3.05 Mts C-22,,1 día hábil,Dipemsa,Perfiles galvanizados,35,,$130.22,false,89,89,2026-06-29 13:25:57.825636,[],
124,101049,21,Canal de Amarre Galvanizado |9.20 x 3.05 Mts C-22,"Canal de Amarre Galvanizado 9.20 x 3.05 Mts Calibre 22 ideal para muros en interior o Fachadas.

Medidas: 9.20 Cms Ancho x 3.05 Mts Largo 
Calibre 22",1  dia hábil,Dipemsa,Perfiles galvanizados,0,,$178.15,false,89,89,2026-06-29 13:25:57.825636,[],
1242,560048,00O,Fulminante Calibre 27 | Amarillo Tira 10x10,"Cartucho en tira de 10 disparos con nivel de potencia media-alta (nivel 4), diseñado para herramientas semiautomáticas de fijación directa accionadas por pólvora. Proporciona una detonación uniforme y la fuerza necesaria para clavar pernos en concreto de alta resistencia y acero estructural, garantizando un avance de obra continuo, rápido y seguro.",1 día,Fischer,Anclajes químicos y epoxicos,100,, $256.74,false,86,76,2026-06-29 13:25:57.825636,[],
1243,560049,00O,Fulminante Calibre 27 | Rojo Tira 10x10,"Cartucho en tira de 10 disparos con nivel de potencia alta (nivel 5), diseñado para herramientas semiautomáticas de fijación directa accionadas por pólvora. Desarrolla la fuerza de impacto necesaria para clavar pernos de forma segura en concreto de muy alta resistencia y acero extra grueso, garantizando un avance de obra rápido, eficiente y de alto rendimiento.",1 día,Fischer,Anclajes químicos y epoxicos,100,,$256.62,false,86,76,2026-06-29 13:25:57.825636,[],
125,101050,21,Canal de Amarre Galvanizado |15.24 x 3.05 Mts  C-22,,1 día 2 dias hábiles,Dipemsa,Perfiles galvanizados,10,,$255.07,false,89,89,2026-06-29 13:25:57.825636,[],
1250,RZ3.05,OFF,"Reborde Z  1/2' Trim -Tex|3.05 Mts",Reborde Z ideal para aplicacion en plafones de Yeso o cemento.,1 a 2 días hábiles,Trim-tex,Perfiles plasticos,0,,$117.72,false,87,0,2026-06-29 13:25:57.825636,[],
1251,RJP3.05,LOA,Reborde J  Trim-Tex|3.05 Mts,Para perfilar y proteger los bordes de los paneles en sistemas de exteriores. Define los bordes y mejora la apariencia de los extremos.,1 día hábil,Trim-tex,Perfiles plasticos,0,,$96.12,false,88,0,2026-06-29 13:25:57.825636,[],
126,101008,22,Canal Liston Galvanizado|6.35 x 3.05 Mts C-26,"Canal Liston Metálico Galvanizado 6.35 x 3.05 Mts Calibre 26 ideal para muros en interior o Fachadas.

Medidas: 6.35 Cms Ancho x 3.05 Mts Largo 
Calibre 26",1 día hábil,Dipemsa,Perfiles galvanizados,0,,$66.00,false,88,88,2026-06-29 13:25:57.825636,[],
127,101059,22,Canal Liston Galvanizado|6.35 x 3.05 Mts  C-20,"Canal Liston Metálico Galvanizado 6.35 x 3.05 Mts Calibre 20 ideal para muros en interior o Fachadas.

Medidas: 6.35 Cms Ancho x 3.05 Mts Largo 
Calibre 20",1 a 2 días habiles,Dipemsa,Perfiles galvanizados,144,,$124.67,false,88,88,2026-06-29 13:25:57.825636,[],
1274,PL61122,B16,Plafon Liso Glasliner | .61 x 1.22 Mts 2.3 mm (Pieza),"Glasliner® es un laminado plástico elaborado con resina de poliéster y reforzado con fibra de
vidrio. Glasliner® ha sido diseñado especialmente para ofrecer protección y estética en áreas
que requieren máxima resistencia, higiene y facilidad de limpieza. 

Tipo: Liso 
Espesor:2.3 mm 
Medida: .61 x 1.22 Mts 
Color: Blanco",1 a 2 días hábiles,Glasliner,Plafones y suspension,0,, $303.78,false,98,98,2026-06-29 13:25:57.825636,[],https://drive.google.com/file/d/1wCQGPYUM0c4Fr16u5Va2IoFSgz1Qa9NF/view?usp=sharing
1275,SAC1B30,M7S,Acrilastic  Pennsylvania|Cartucho Blanco 300 ML,"Es un sellador de base acrílica 100%, siliconizado, elaborado para sellar juntas entre materiales lisos y porosos . Es un producto manufacturado en forma de pasta suave, cremosa y de fácil aplicación. Tiene excelentes propiedades como adhesión a una variedad de sustratos, gran durabilidad en exteriores, alta capacidad de movimiento, Evita la formación de hongos.

Ideal para emboquillar el perimetro de las puertas y ventanas, asi como grietas no mayores a 6 mm en losas que despues recibiran impermeabilizante y en muros de concreto o tabique que seran pintados posteriormente.",1 día habil,Pennsylvania,Sellado,100,,$55.46,false,88,97,2026-06-29 13:25:57.825636,[],
1276,PLG23,B16,Plafon Liso Glasliner | .61 x .61 Mts 2.3 mm (Pieza),"Glasliner® es un laminado plástico elaborado con resina de poliéster y reforzado con fibra de vidrio. Glasliner® ha sido diseñado especialmente para ofrecer protección y estética en áreas que requieren máxima resistencia, higiene y facilidad de limpieza. Tipo: Liso Espesor:2.3 mm Medida: .61 x .61 Mts Color: Blanco",1 a 2 días hábiles,Glasliner,Plafones y suspension,0,, $151.26,false,98,98,2026-06-29 13:25:57.825636,[],https://drive.google.com/file/d/1wCQGPYUM0c4Fr16u5Va2IoFSgz1Qa9NF/view?usp=sharing
1277,SS18B36C,YJ6,Pepe Silicon  Pennsylvania |Caja con 25pz Blanco,"Cartucho Transparente 280 ml 

Sellador de curado acético multiusos para superficies lisas o juntas entre materiales que necesiten ser impermeables y herméticos. Cura rápidamente al contacto con la humedad del medio ambiente, formando un sello durable, resistente y económico.",1 día,Pennsylvania,Sellado,0,,"$1,479.07",false,87,96,2026-06-29 13:25:57.825636,[],
1278,SHI3B106,L9T,Hi Bond Pennsylvania |Individual 290 ml Blanco,"Es un adhesivo de un componente de alta resistencia y cura rápida basado en un polímero híbrido, de módulo alto con excepcionales propiedades mecánicas y adhesivas las cuales retienen sus propiedades a largo plazo.


Usos: 
Páneles de materiales prefabricados.
Zoclos de madera, loseta, etc.
Diferentes materiales de construcción o decoración.
Porcelanatos en muro.",1 día hábil,Pennsylvania,Sellado,0,,$175.74,false,65,90,2026-06-29 13:25:57.825636,[],
1279,SHI3B106,L9T,Hi Bond Pennsylvania | Caja con 25 piezas 290 ml Blanco,"Es un adhesivo de un componente de alta resistencia y cura rápida basado en un polímero híbrido, de módulo alto con excepcionales propiedades mecánicas y adhesivas las cuales retienen sus propiedades a largo plazo. Usos: Páneles de materiales prefabricados. Zoclos de madera, loseta, etc. Diferentes materiales de construcción o decoración. Porcelanatos en muro",1 día hábil,Pennsylvania,Sellado,0,,"$3,827.58",false,65,90,2026-06-29 13:25:57.825636,[],
128,101027,23,Canaleta de Carga Galvanizada |1 1/2 x 3.05 Mts C-24,"Canaleta de Carga Metálica Galvanizada 1 1/2"" x 3.05 Mts Calibre 24 ideal para muros en interior o Fachadas.

Medidas: 1 1/2"" Ancho x 3.05 Mts Largo 
Calibre 24",1 día hábil,Dipemsa,Perfiles galvanizados,0,,$50.60,false,87,87,2026-06-29 13:25:57.825636,[],
1286,AVE1G107,NLF,Anclaje Q70  Pennsylvania|Gris 300 ml,"es un adhesivo de anclaje bicomponente libre de estireno y solventes, diseñado para fijar varillas roscadas y varillas típicas de construcción en roca sólida, piedra natural, concreto, tabique, block hueco y sólido entre otros en aplicaciones residenciales no estructurales. Su formulación química permite aplicaciones en orificios secos, húmedos e incluso inundados.",1 día hábil,Pennsylvania,Sellado,0,,$283.13,false,57,57,2026-06-29 13:25:57.825636,[],
129,101028,23,Canaleta de Carga Galvanizada |1 1/2 x 3.05 Mts C-22,"Canaleta de Carga Metálica Galvanizada 1 1/2"" x 3.05 Mts Calibre 22 ideal para muros en interior o Fachadas.

Medidas: 1 1/2"" Ancho x 3.05 Mts Largo 
Calibre 22",1 a 2 días habiles,Dipemsa,Perfiles galvanizados,146,,$65.27,false,87,87,2026-06-29 13:25:57.825636,[],
130,101029,23,Canaleta de Carga Galvanizada |3/4 x 3.05 Mts C-24,"Canaleta de Carga Metálica Galvanizada 3/4"" x 3.05 Mts Calibre 24 ideal para muros en interior o Fachadas.

Medidas: 3/4"" Ancho x 3.05 Mts Largo 
Calibre 24",1 a 2 días habiles,Dipemsa,Perfiles galvanizados,7,,$37.89,false,87,87,2026-06-29 13:25:57.825636,[],
131,101061,23,Canaleta de Carga Galvanizada |3/4 x 3.05 Mts C-22,"Canaleta de Carga Metálica Galvanizada 3/4"" x 3.05 Mts Calibre 22 ideal para muros en interior o Fachadas.

Medidas: 3/4"" Ancho x 3.05 Mts Largo 
Calibre 22",1 a 2 días habiles,Dipemsa,Perfiles galvanizados,0,,$49.02,false,87,87,2026-06-29 13:25:57.825636,[],
1325,22400,6EB,Cutter Retractil Metalico Pretul |Metálico,"Cuerpo ligero de aluminio

Cuchilla retráctil",1 día hábil,Truper,Herramientas,0,,$39.00,false,10,0,2026-06-29 13:25:57.825636,[],
1327,101128,EAX,Angulo Perimetral Prelude Armstrong | 3/4.in 3.66 Mts (7868) Blanco Pieza,"El acero esta galvanizado en baño caliente para inhibir la oxidación, mejor que los sistemas pintados o electro galvanizado. Complementaria a la Tee Principal.",1 a 2 días hábiles,Armstrong,Plafones y suspension,0,,$248.24,false,10,18,2026-06-29 13:25:57.825636,[],
1339,101127,Q3X,Tee Secundaria Prelude Armstrong | 15/16.in 1.22 Mts (7348) Blanca Pieza,"Forma parte de la estructura para sostener plaflones y cielos falsos.

Ofrece una conexión y alineación fuerte, segura y precisa.

Confiable ante sismos por su sistema de suspensión Seismic Rx.

Fácil de instalar gracias a su estabilidad y resistencia por su perfil PeakForm.

Combate la oxidación con su revestimiento galvanizado por baño en caliente.

Cuenta con propiedades que resisten las altas temperaturas.",1 día,Armstrong,Plafones y suspension,0,,$114.46,false,11,0,2026-06-29 13:25:57.825636,[],
1340,101126,Q3X,Tee Secundaria Prelude Armstrong |15/16.in 0.61 Mts (7328) Blanca Pieza,"Forma parte de la estructura para sostener plaflones y cielos falsos.

Ofrece una conexión y alineación fuerte, segura y precisa.

Confiable ante sismos por su sistema de suspensión Seismic Rx.

Fácil de instalar gracias a su estabilidad y resistencia por su perfil PeakForm.

Combate la oxidación con su revestimiento galvanizado por baño en caliente.

Cuenta con propiedades que resisten las altas temperaturas.",1 día,Armstrong,Plafones y suspension,0,,$58.94,false,12,13,2026-06-29 13:25:57.825636,[],
1341,101125,KD0,Tee Principal Prelude Armstrong|15/16.in 3.66 Mts (7300),"Tee Principal Prelude Armstrong 3.66 Mts. Es muy fácil de instalar ideal para plafones Armstrong o cualquiera de linea 15/16""

Medida: 3.66 Metros Largo
Linea: 15/16""",1 a 2 dias habiles,Armstrong,Plafones y suspension,0,,$368.69,false,62,0,2026-06-29 13:25:57.825636,[],
1351,948075,A35,Cempanel Cemplank Cedar | 8 MM .30 x 3.66 Mts,"Plano fabricado en medidas estandarizadas con textura en relieve aparente a vetas de madera, ofreciendo una estética inigualable, se puede utilizar en interior y en exterior..",2 a 4 días hábiles,Cempanel,Cempanel,0,,$361.75,false,86,94,2026-06-29 13:25:57.825636,[],
140,947579,26,Cempanel Adhepanel |12 MM 1.22 X 2.44 Mts,"Las placas de ADHEPANEL tienen una textura especialmente diseñada para recibir diferentes acabados, su uso va desde muros húmedos de baños y cocinas, fachadas y faldones; disponible con espesores de 8, 10 y 12 mm.",18 a 22 días hábiles pedido minimo de fabricacion 200 piezas,Cempanel,Cempanel,0,,"$1,290.23",false,81,93,2026-06-29 13:25:57.825636,[],
1418,101146,,Redimix | 21.8Kg,"El Compuesto Multiusos para Juntas Marca Redimix® se usa para embeber cinta de papel para juntas, acabar juntas de paneles de yeso y aplicar texturas sencillas a mano. También es ideal para aplicar la última capa en superficies de paneles de yeso y para laminar y reparar grietas en yeso interior y mampostería no expuesta a humedad. De consistencia cremosa, tersa y libre de asbestos, la formulación de USG proporciona al producto excelentes cualidades de trabajo como el deslizamiento y adherencia sobre el tablero de yeso. Puede ser utilizada en forma directa desde el empaque o recipiente, requiriendo un mínimo de batido para lograr la consistencia deseada, reduciendo los costos por mano de obra y mejorando notablemente la calidad de trabajo.",1 día hábil,Usg,Compuestos y cintas,0,,$527,false,96,10,2026-06-29 13:25:57.825636,[],https://drive.google.com/file/d/1JbeMS2W7NYjX_VJ189FC3RlIkeDbIQDd/view?usp=sharing
142,947709,26,Cempanel Adhepanel |8 MM 1.22 X 2.44 Mts,"Las placas de ADHEPANEL tienen una textura especialmente diseñada para recibir diferentes acabados, su uso va desde muros húmedos de baños y cocinas, fachadas y faldones; disponible con espesores de 8, 10 y 12 mm.",18 a 22 días hábiles pedido minimo de fabricacion 200 piezas,Cempanel,Cempanel,0,,$858.82,false,81,93,2026-06-29 13:25:57.825636,[],
1421,101219,UXR,Tablaroca  Ultralight |1/2.in 1.22 x 2.44,"Tablaroca Ultralight USG ideal para muros y plafones interiores.

Medida:1.22 x 2.44 Mts
Espesor:1/2""
Uso: Interior",1 día hábil,Usg,Tablaroca y durock,1000,,$205.87,false,97,99,2026-06-29 13:25:57.825636,"[""1433"", ""498"", ""117"", ""1805"", ""771"", ""220""]",https://drive.google.com/file/d/1gNI8FcSXEjGqhHku7_T7UqotoiXj58en/view?usp=drive_link
1422,502,GH1,Fulminante Calibre 22 | Amarillo 100 Cartuchos,Cartucho de potencia media-alta (nivel 4) diseñado para herramientas de fijación directa accionadas por pólvora. Proporciona una detonación controlada con la energía ideal para clavar pernos de manera firme y segura en concreto de alta resistencia y acero estructural. Es la opción preferida para fijaciones robustas y de alto rendimiento en la construcción.,1 día,Fischer,Anclajes químicos y epoxicos,0,, $260.00,false,89,77,2026-06-29 13:25:57.825636,[],
1423,101456,QCW,Plafon Texturey Toledo Panel Rey|.61 x 1.22,"Plafon de Yeso Texturey Toledo Panel Rey con Texturizado en color Blanco.

Uso: Interior 
Medida: .61 x 1.22 Mts 
Grosor: 1/2""",1 a 2 dias habiles,Panel Rey,Plafones y suspension,0,,$138.93,false,71,91,2026-06-29 13:25:57.825636,"[""904"", ""853"", ""1087"", ""874"", ""777""]",
1427,501,GH1,Fulminante Calibre 22 | Rojo 100 Cartuchos,Cartucho de potencia alta (nivel 5) diseñado para herramientas de fijación directa accionadas por pólvora. Desarrolla la máxima energía de impacto para clavar de forma segura pernos y elementos de fijación en estructuras de acero extra grueso y concreto de muy alta resistencia. Ideal para las aplicaciones industriales y de construcción más exigentes.,1 día,Fischer,Anclajes químicos y epoxicos,0,, $260.00,false,89,77,2026-06-29 13:25:57.825636,[],
1433,101147,,Redimix | 28Kg,"El Compuesto Multiusos para Juntas Marca Redimix® se usa para embeber cinta de papel para juntas, acabar juntas de paneles de yeso y aplicar texturas sencillas a mano. También es ideal para aplicar la última capa en superficies de paneles de yeso y para laminar y reparar grietas en yeso interior y mampostería no expuesta a humedad. De consistencia cremosa, tersa y libre de asbestos, la formulación de USG proporciona al producto excelentes cualidades de trabajo como el deslizamiento y adherencia sobre el tablero de yeso. Puede ser utilizada en forma directa desde el empaque o recipiente, requiriendo un mínimo de batido para lograr la consistencia deseada, reduciendo los costos por mano de obra y mejorando notablemente la calidad de trabajo.",1 día hábil,Usg,Compuestos y cintas,0,,$776.01,false,94,10,2026-06-29 13:25:57.825636,[],https://drive.google.com/file/d/1JbeMS2W7NYjX_VJ189FC3RlIkeDbIQDd/view?usp=sharing
1435,MUSG,B17,Plafon Mars USG |.61 x .61  15/16,"Plafón de lana mineral con alto nivel de reflexión lumínica, que representa un ahorro en el uso de luz. Su composición ayuda a maximizar la contribución de contenido reciclado de la certificación LEED. Excelente desempeño acústico.

Material: Lana Mineral 
Medida: .61 x .61 Mts
Presentacion: Caja c/12 Piezas 
Linea 15/16""",1 a 3 dias habiles,Usg,Plafones y suspension,0,,"$6,647.38",false,81,89,2026-06-29 13:25:57.825636,[],
1439,PM1516,OYU,Plafon Millennia USG| .61 x .61  1516  Caja con 12 Piezas,"Plafón de lana mineral con textura fina que se adapta a las necesidades estéticas del lugar, proporcionando un excelente desempeño acústico.

Dimensiones: 0.61m x 0.61m

Espacios recomendados: Oficinas Administrativas, Áreas de conferencias, Bibliotecas y Recepciones.",1 a 2 días hábiles.,Usg,Plafones y suspension,0,,"$4,682.61",false,80,88,2026-06-29 13:25:57.825636,[],
1441,PGL1.5EE,WJ9,Panel GlasLiner Embozado |Embozado 1.22 x 2.44 Mts 1.5 mm,"Glasliner® es un laminado plástico elaborado con resina de poliéster y reforzado con fibra de
vidrio. Glasliner® ha sido diseñado especialmente para ofrecer protección y estética en áreas
que requieren máxima resistencia, higiene y facilidad de limpieza. 

Tipo: Embozado
Espesor:1.5 mm 
Medida: 1.22 x 2.44 Mts 
Color: Blanco",1 a 2 días hábiles,Glasliner,Glasliner,0,, $856.98,false,97,97,2026-06-29 13:25:57.825636,[],https://drive.google.com/file/d/1wCQGPYUM0c4Fr16u5Va2IoFSgz1Qa9NF/view?usp=sharing
1443,PGE122244,WJ9,Panel GlasLiner Embozado |Embozado 1.22 x 2.44 Mts 2.3 mm,"Glasliner® es un laminado plástico elaborado con resina de poliéster y reforzado con fibra de
vidrio. Glasliner® ha sido diseñado especialmente para ofrecer protección y estética en áreas
que requieren máxima resistencia, higiene y facilidad de limpieza. 

Tipo: Embozado
Espesor:2.3 mm 
Medida: 1.22 x 2.44 Mts 
Color: Blanco",1 a 2 días hábiles,Glasliner,Glasliner,0,," $1,182.12",false,97,97,2026-06-29 13:25:57.825636,[],https://drive.google.com/file/d/1wCQGPYUM0c4Fr16u5Va2IoFSgz1Qa9NF/view?usp=sharing
1451,PGLLL56,R8R,Panel GlasLiner Liso |Liso 1.22 x 2.44 Mts 1.5 mm,"Glasliner® es un laminado plástico elaborado con resina de poliéster y reforzado con fibra de
vidrio. Glasliner® ha sido diseñado especialmente para ofrecer protección y estética en áreas
que requieren máxima resistencia, higiene y facilidad de limpieza. 

Tipo: Liso
Espesor:1.5 mm 
Medida: 1.22 x 2.44 Mts 
Color: Blanco",1  a 2 dias hábiles,Glasliner,Glasliner,0,, $946.99,false,96,96,2026-06-29 13:25:57.825636,[],https://drive.google.com/file/d/1wCQGPYUM0c4Fr16u5Va2IoFSgz1Qa9NF/view?usp=sharing
1453,PGLL122244,R8R,Panel GlasLiner Liso |Liso 1.22 x 2.44 Mts 2.3 mm,"Glasliner® es un laminado plástico elaborado con resina de poliéster y reforzado con fibra de
vidrio. Glasliner® ha sido diseñado especialmente para ofrecer protección y estética en áreas
que requieren máxima resistencia, higiene y facilidad de limpieza. 

Tipo: Liso
Espesor:2.3 mm 
Medida: 1.22 x 2.44 Mts 
Color: Blanco",1 a 2 dias habiles,Glasliner,Glasliner,0,,"$1,300.62",false,96,96,2026-06-29 13:25:57.825636,[],https://drive.google.com/file/d/1wCQGPYUM0c4Fr16u5Va2IoFSgz1Qa9NF/view?usp=sharing
1454,RGE25,7OX,Rollo GlasLiner Embozado | 1.22 x 25 Mts 1.5 mm,"Glasliner® es un laminado plástico elaborado con resina de poliéster y reforzado con fibra de
vidrio. Glasliner® ha sido diseñado especialmente para ofrecer protección y estética en áreas
que requieren máxima resistencia, higiene y facilidad de limpieza. 

Tipo: Embozado
Espesor:1.5 mm 
Medida: 1.22 x 25 Mts 
Color: Blanco",1 a 2 días hábiles,Glasliner,Glasliner,0,," $8,780.69",false,95,95,2026-06-29 13:25:57.825636,[],https://drive.google.com/file/d/1wCQGPYUM0c4Fr16u5Va2IoFSgz1Qa9NF/view?usp=sharing
1455,RGLE2.3,7OX,Rollo GlasLiner Embozado | 1.22 x 25 Mts 2.3 mm,"Glasliner® es un laminado plástico elaborado con resina de poliéster y reforzado con fibra de
vidrio. Glasliner® ha sido diseñado especialmente para ofrecer protección y estética en áreas
que requieren máxima resistencia, higiene y facilidad de limpieza. 

Tipo: Embozado
Espesor:2.3 mm 
Medida: 1.22 x 25 Mts 
Color: Blanco",1 a 2 días hábiles,Glasliner,Glasliner,0,," $12,308.91",false,95,95,2026-06-29 13:25:57.825636,[],https://drive.google.com/file/d/1wCQGPYUM0c4Fr16u5Va2IoFSgz1Qa9NF/view?usp=sharing
1458,50261,801,Varilla roscada de anclaje RGM Fischer |RGM 24 x 300 mm,"La varilla roscada RG M de fischer es un componente de sistema para el empleo con las cápsulas RSB y RM II de fischer, así como con los morteros de inyección FIS PM, FIS SB, FIS EM, FIS EB, FIS V, FIS VL, FIS P Plus, FIS P y FIS Green de fischer. Debido a la inclinación del techo, es especialmente ideal para el empleo con las cápsulas RSB y RM II.

Tipo:RGM
Medida: 24 x 300 mm",1 A 3 dias habiles,Fischer,Anclajes químicos y epoxicos,0,, $346.91,false,72,92,2026-06-29 13:25:57.825636,[],
1460,50259,801,Varilla roscada de anclaje RGM Fischer |RGM 16 x 190 mm,"La varilla roscada RG M de fischer es un componente de sistema para el empleo con las cápsulas RSB y RM II de fischer, así como con los morteros de inyección FIS PM, FIS SB, FIS EM, FIS EB, FIS V, FIS VL, FIS P Plus, FIS P y FIS Green de fischer. Debido a la inclinación del techo, es especialmente ideal para el empleo con las cápsulas RSB y RM II.

Tipo:RGM
Medida: 16 x 190 mm",1 A 3 dias habiles,Fischer,Anclajes químicos y epoxicos,0,, $89.15,false,72,92,2026-06-29 13:25:57.825636,[],
1461,50167-1,448,Varilla roscada de anclaje FTR Fischer |FTR 3/8” x 5-1/8”,"La varilla roscada FTR de fischer es un componente económico del sistema sin homologación para las cápsulas de resina de fischer RSB y RM II y para los morteros de inyección de fischer

Tipo:FTR
Medida: 3/8” x 5-1/8”",1 a 3 dias habiles,Fischer,Anclajes químicos y epoxicos,0,, $45.55,false,73,93,2026-06-29 13:25:57.825636,[],
1462,50182,448,Varilla roscada de anclaje FTR Fischer |FTR 5/8” x 7-5/8”,"La varilla roscada FTR de fischer es un componente económico del sistema sin homologación para las cápsulas de resina de fischer RSB y RM II y para los morteros de inyección de fischer

Tipo:FTR
Medida: 5/8"" X 7-5/8""",1 a 3 dias habiles,Fischer,Anclajes químicos y epoxicos,0,, $111.96,false,73,93,2026-06-29 13:25:57.825636,[],
1463,50184,448,Varilla roscada de anclaje FTR Fischer |FTR 3/4” x 9-5/8”,"La varilla roscada FTR de fischer es un componente económico del sistema sin homologación para las cápsulas de resina de fischer RSB y RM II y para los morteros de inyección de fischer

Tipo:FTR
Medida: 3/4” x 9-5/8”",1 a 3 dias habiles,Fischer,Anclajes químicos y epoxicos,0,, $200.95,false,73,93,2026-06-29 13:25:57.825636,[],
1464,50203,448,Varilla roscada de anclaje FTR Fischer |FTR 7/8” x 10”,"La varilla roscada FTR de fischer es un componente económico del sistema sin homologación para las cápsulas de resina de fischer RSB y RM II y para los morteros de inyección de fischer

Tipo:FTR
Medida: 7/8” x 10”",1 a 3 dias habiles,Fischer,Anclajes químicos y epoxicos,0,, $264.70,false,73,93,2026-06-29 13:25:57.825636,[],
1465,50204,448,Varilla roscada de anclaje FTR Fischer |FTR 1” x 12”,"La varilla roscada FTR de fischer es un componente económico del sistema sin homologación para las cápsulas de resina de fischer RSB y RM II y para los morteros de inyección de fischer

Tipo:FTR
Medida: 1” x 12”",1 a 3 dias habiles,Fischer,Anclajes químicos y epoxicos,0,, $459.28,false,73,93,2026-06-29 13:25:57.825636,[],
1467,518829,3QZ,Cápsula de resina RSB  Fischer|RSB 30,"La ampolla RSB es un componente de sistema del sistema Superbond de fischer para introducción de grandes cargas en hormigón fisurado y comprimido. 
Con la cápsula se fijan por ejemplo estructuras de acero pesadas, paredes con aislamiento acústico y estanterías altas. Los componentes se fijan con la varilla roscada RG M de Fischer y la varilla con roscado interno RG MI de Fischer",1 día,Fischer,Anclajes químicos y epoxicos,0,, $393.27,false,77,95,2026-06-29 13:25:57.825636,[],
1468,518828,3QZ,Cápsula de resina RSB  Fischer|RSB 24,"La ampolla RSB es un componente de sistema del sistema Superbond de fischer para introducción de grandes cargas en hormigón fisurado y comprimido. 
Con la cápsula se fijan por ejemplo estructuras de acero pesadas, paredes con aislamiento acústico y estanterías altas. Los componentes se fijan con la varilla roscada RG M de Fischer y la varilla con roscado interno RG MI de Fischer",1 día,Fischer,Anclajes químicos y epoxicos,0,, $205.57,false,77,95,2026-06-29 13:25:57.825636,[],
147,947583,27,Cempanel Cedar |12MM 1.22 X 2.44 Mts,"Apariencia tipo madera, el acabado Cedar de Cempanel ofrece un alto valor estético, con un aporte de resistencia inmejorable vs la madera, una preparación similar, este acabado sustituye la madera y contribuye a la ecología evitando que se sigan talando arboles para conseguir esta textura. El aliado perfecto para promover la construcción amigable en hogares que buscan un balance entre el buen gusto, la elegancia y la conciencia ambiental.",2 a 4 dias habiles,Cempanel,Cempanel,0,,"$1,302.29",false,87,95,2026-06-29 13:25:57.825636,[],
1470,518821,3QZ,Cápsula de resina RSB  Fischer|RSB 10,"La ampolla RSB es un componente de sistema del sistema Superbond de fischer para introducción de grandes cargas en hormigón fisurado y comprimido. 
Con la cápsula se fijan por ejemplo estructuras de acero pesadas, paredes con aislamiento acústico y estanterías altas. Los componentes se fijan con la varilla roscada RG M de Fischer y la varilla con roscado interno RG MI de Fischer",1 día,Fischer,Anclajes químicos y epoxicos,0,, $70.62,false,77,95,2026-06-29 13:25:57.825636,[],
1471,518823,3QZ,Cápsula de resina RSB  Fischer|RSB 12,"La ampolla RSB es un componente de sistema del sistema Superbond de fischer para introducción de grandes cargas en hormigón fisurado y comprimido. 
Con la cápsula se fijan por ejemplo estructuras de acero pesadas, paredes con aislamiento acústico y estanterías altas. Los componentes se fijan con la varilla roscada RG M de Fischer y la varilla con roscado interno RG MI de Fischer",1 día,Fischer,Anclajes químicos y epoxicos,0,, $73.30,false,77,95,2026-06-29 13:25:57.825636,[],
1473,539803,PQ8,Cápsula de resina RM Fischer|RM II 24,"Capsula de anclaje químico RM contiene en su interior dos componentes: una resina de vinylester libre de estireno y un catalizador. Durante la instalación y debido al giro, los bordes del corte en V de la varilla roscada rompen la cápsula dentro de la perforación y mezclan los componentes activando el mortero.

Presentacion: Capsula
Una capsula por orificio",1 día,Fischer,Anclajes químicos y epoxicos,0,, $183.57,false,76,94,2026-06-29 13:25:57.825636,[],
1474,539798,PQ8,Cápsula de resina RM Fischer|RM II 12,"Capsula de anclaje químico RM contiene en su interior dos componentes: una resina de vinylester libre de estireno y un catalizador. Durante la instalación y debido al giro, los bordes del corte en V de la varilla roscada rompen la cápsula dentro de la perforación y mezclan los componentes activando el mortero.

Presentacion: Capsula
Una capsula por orificio",1 día,Fischer,Anclajes químicos y epoxicos,0,, $65.46,false,76,94,2026-06-29 13:25:57.825636,[],
1475,539797,PQ8,Cápsula de resina RM Fischer|RM II 10,"Capsula de anclaje químico RM contiene en su interior dos componentes: una resina de vinylester libre de estireno y un catalizador. Durante la instalación y debido al giro, los bordes del corte en V de la varilla roscada rompen la cápsula dentro de la perforación y mezclan los componentes activando el mortero.

Presentacion: Capsula
Una capsula por orificio",1 día,Fischer,Anclajes químicos y epoxicos,0,, $63.05,false,76,94,2026-06-29 13:25:57.825636,[],
1476,539802,PQ8,Cápsula de resina RM Fischer|RM II 20,"Capsula de anclaje químico RM contiene en su interior dos componentes: una resina de vinylester libre de estireno y un catalizador. Durante la instalación y debido al giro, los bordes del corte en V de la varilla roscada rompen la cápsula dentro de la perforación y mezclan los componentes activando el mortero.

Presentacion: Capsula
Una capsula por orificio",1 día,Fischer,Anclajes químicos y epoxicos,0,, $138.83,false,76,94,2026-06-29 13:25:57.825636,[],
148,947584,27,Cempanel Cedar |12MM 1.22 X 2.44 Mts Primer,"Apariencia tipo madera, el acabado Cedar de Cempanel ofrece un alto valor estético, con un aporte de resistencia inmejorable vs la madera, una preparación similar, este acabado sustituye la madera y contribuye a la ecología evitando que se sigan talando arboles para conseguir esta textura. El aliado perfecto para promover la construcción amigable en hogares que buscan un balance entre el buen gusto, la elegancia y la conciencia ambiental.",18 a 22 días hábiles pedido minimo de fabricacion 200 piezas,Cempanel,Cempanel,0,,"$1,390.84",false,87,95,2026-06-29 13:25:57.825636,[],
1488,SAC1N30,M7S,Acrilastic  Pennsylvania|Cartucho Negro 300 ML,"Es un sellador de base acrílica 100%, siliconizado, elaborado para sellar juntas entre materiales lisos y porosos . Es un producto manufacturado en forma de pasta suave, cremosa y de fácil aplicación. Tiene excelentes propiedades como adhesión a una variedad de sustratos, gran durabilidad en exteriores, alta capacidad de movimiento, Evita la formación de hongos.

Ideal para emboquillar el perimetro de las puertas y ventanas, asi como grietas no mayores a 6 mm en losas que despues recibiran impermeabilizante y en muros de concreto o tabique que seran pintados posteriormente.",1 día habil,Pennsylvania,Sellado,50,,$55.46,false,88,97,2026-06-29 13:25:57.825636,[],
1489,SAC1A30,M7S,Acrilastic  Pennsylvania|Cartucho Aluminio 300 ML,"Es un sellador de base acrílica 100%, siliconizado, elaborado para sellar juntas entre materiales lisos y porosos . Es un producto manufacturado en forma de pasta suave, cremosa y de fácil aplicación. Tiene excelentes propiedades como adhesión a una variedad de sustratos, gran durabilidad en exteriores, alta capacidad de movimiento, Evita la formación de hongos.

Ideal para emboquillar el perimetro de las puertas y ventanas, asi como grietas no mayores a 6 mm en losas que despues recibiran impermeabilizante y en muros de concreto o tabique que seran pintados posteriormente.",1 día habil,Pennsylvania,Sellado,25,,$55.46,false,88,97,2026-06-29 13:25:57.825636,[],
1495,SPO1N40,G4R,Sellador Duretán Pennsylvania |Cartucho Negro  300 ml,"El sellador de poliuretano es ideal para emboquillados, sellos perimetrales y sellos de láminas en techumbres, así como para juntas que requieran ser impermeables o herméticas. Es útil para materiales lisos o porosos, como aluminio y muro.

Se adhiere a superficies porosas con lisas, sin necesidad de usar primer.
Resiste el ataque de microorganismos.
No escurre en juntas verticales (ancho máximo de junta: 20 mm).
Resiste a la humedad salina, intemperie y envejecimiento.",1 día hábil,Pennsylvania,Sellado,0,,$124.94,false,90,99,2026-06-29 13:25:57.825636,[],
1496,SPO1G40,G4R,Sellador Duretán Pennsylvania |Cartucho Gris  300 ml,"El sellador de poliuretano es ideal para emboquillados, sellos perimetrales y sellos de láminas en techumbres, así como para juntas que requieran ser impermeables o herméticas. Es útil para materiales lisos o porosos, como aluminio y muro.

Se adhiere a superficies porosas con lisas, sin necesidad de usar primer.
Resiste el ataque de microorganismos.
No escurre en juntas verticales (ancho máximo de junta: 20 mm).
Resiste a la humedad salina, intemperie y envejecimiento.",1 día hábil,Pennsylvania,Sellado,0,,$124.94,false,90,99,2026-06-29 13:25:57.825636,[],
1501,SPO1B40,G4R,Sellador Duretán Pennsylvania |Cartucho Blanco 300 ml,"El sellador de poliuretano es ideal para emboquillados, sellos perimetrales y sellos de láminas en techumbres, así como para juntas que requieran ser impermeables o herméticas. Es útil para materiales lisos o porosos, como aluminio y muro.

Se adhiere a superficies porosas con lisas, sin necesidad de usar primer.
Resiste el ataque de microorganismos.
No escurre en juntas verticales (ancho máximo de junta: 20 mm).
Resiste a la humedad salina, intemperie y envejecimiento.",1 día hábil,Pennsylvania,Sellado,0,,$124.94,false,90,99,2026-06-29 13:25:57.825636,[],
1504,YAPI33Y,ZDT,Pistola para Salchicha | Calafateadora de Barril,"Aplicador manual profesional con cañón de aluminio reforzado, diseñado para la extrusión fluida de selladores en presentación de salchicha de hasta 600 ml. Su mecanismo de alta relación de empuje permite aplicar poliuretanos y silicones de alta viscosidad de forma uniforme y con el mínimo esfuerzo, garantizando acabados impecables en juntas y fachadas.",1 día hábil,Pennsylvania,Sellado,0,,$570.79,false,90,68,2026-06-29 13:25:57.825636,[],
1505,1412,KC9,Pistola de fijación GB-100S | Con silenciador,"HERRAMIENTA VERSÁTIL Y ECONÓMICA

* Cañón de 8mm
* Un disparo a la vez.
* Trabajo bajo
* Uso en concreto , fierro o lámina
* Utiliza clavos de 1/2” hasta 3”
* Ángulo con clavo y pernos de 1/4”
* Cartuchos cal. 22A",1 dÍa hábil,Gram bel,Sistemas de fijacion directa,10,,"$1,615.00",false,74,87,2026-06-29 13:25:57.825636,[],
1506,PFGB350A,IM4,Pistola de fijación GB-350A | Regulador de Potencia,"La herramienta GB-350A es confiable y productiva gracias a que usa fulminante en tira de 10 y además está diseñada para trabajo semipesado, lo cual hace ahorrar tiempo y esfuerzo al momento de usarla. Lo que lo hace una herramienta especial es que cuenta con regulador de potencia, dándonos así la opción de regular la potencia de la munición que se esté usando.

Cañon: 8 mm 
Cartucho: Carrillera c27",1 día hábil,Gram bel,Sistemas de fijacion directa,0,,"$3,210.16",false,73,84,2026-06-29 13:25:57.825636,[],
1510,891,R3P,Piston para herramienta de fijación |Piston GB-100,Pistón para herramientas de fijación Gb350a,1 día,Gram bel,Sistemas de fijacion directa,0,,$399.99,false,55,88,2026-06-29 13:25:57.825636,[],
1512,SS110130,MXG,Pens Policarbonato  Pennsylvania |Cartucho Transparente 300 ml,"Sellador de curado neutro alcoxi, diseñado especialmente para realizar sellos de juntas en cubiertas o domos de policarbonato y concreto, vidrio o aluminio anodizado o pintado; juntas de acrílicos y otros plásticos.",1 día,Pennsylvania,Sellado,0,,$139.43,false,62,77,2026-06-29 13:25:57.825636,[],
1514,SHI1B30,0QH,Hi Tech  Pennsylvania |Cartucho Blanco  300 ml,"Sellador con excelentes propiedades físico-mecánicas, hecho a base de un polímero híbrido, lo que le permite retención a largo plazo de sus propiedades elástico-adhesivas. Es ideal para juntas constructivas de elementos prefabricados y de alto movimiento, es útil para materiales como madera, metales, granito y paneles de fibrocemento.
Se puede pintar.
Se puede aplicar en superficies húmedas, incluso bajo el agua.
Cura rápidamente, incluso bajo el agua.
No es corrosivo.",1 día hábil,Pennsylvania,Sellado,60,,$183.72,false,66,92,2026-06-29 13:25:57.825636,[],
1515,SS18T36,YJ6,Pepe Silicon  Pennsylvania |Transparente 280 ml,"Cartucho Transparente 280 ml 

Sellador de curado acético multiusos para superficies lisas o juntas entre materiales que necesiten ser impermeables y herméticos. Cura rápidamente al contacto con la humedad del medio ambiente, formando un sello durable, resistente y económico.",1 día,Pennsylvania,Sellado,0,,$68.00,false,87,96,2026-06-29 13:25:57.825636,[],
1516,SS18N36,YJ6,Pepe Silicon  Pennsylvania |Negro 280  ml,"Cartucho Transparente 280 ml 

Sellador de curado acético multiusos para superficies lisas o juntas entre materiales que necesiten ser impermeables y herméticos. Cura rápidamente al contacto con la humedad del medio ambiente, formando un sello durable, resistente y económico.",1 día,Pennsylvania,Sellado,0,,$67.99,false,87,96,2026-06-29 13:25:57.825636,[],
1517,SS18N36,YJ6,Pepe Silicon  Pennsylvania |Caja con 25 pzs Negro,"Cartucho Negro 280 ml Sellador de curado acético multiusos para superficies lisas o juntas entre materiales que necesiten ser impermeables y herméticos. Cura rápidamente al contacto con la humedad del medio ambiente, formando un sello durable, resistente y económico.",1 día,Pennsylvania,Sellado,0,,$1479.07,false,87,96,2026-06-29 13:25:57.825636,[],
1519,SS11T36,EHB,Pens Silicon 100% Arquitectónico | Individual Transparente 380ml ,"Sellador 100% puro de silicón acético, con excelente resistencia y propiedades físicas; es ideal para juntas de intemperie entre vidrios sin especialidades, fachadas integrales y  juntas de aluminio y vidrio, acero, cerámica, lamina porcelanizada entre otros. También es útil como sello en invernaderos y domos.",1 día hábil,Pennsylvania,,0,,$88.28,false,5,74,2026-06-29 13:25:57.825636,[],
1520,SS14T36,O9X,Pens Silicon  Baños y Cocinas  Pennsylvania |Transparente 280 ml,"Sellador de curado acético con fungicida que evita la formación de hongos. Para juntas entre materiales lisos como, cancel de aluminio y azulejo, vidrio y azulejo, aluminio y vidrio, así como tarjas y muebles de baño en general donde exista gran porcentaje de humedad.",1 día hábil,Pennsylvania,Sellado,0,,$79.42,false,60,94,2026-06-29 13:25:57.825636,[],
1521,SS14B36,O9X,Pens Silicon  Baños y Cocinas  Pennsylvania |Blanco 280 ml,"Sellador de curado acético con fungicida que evita la formación de hongos. Para juntas entre materiales lisos como, cancel de aluminio y azulejo, vidrio y azulejo, aluminio y vidrio, así como tarjas y muebles de baño en general donde exista gran porcentaje de humedad.",1 día hábil,Pennsylvania,Sellado,34,,$88.24,false,60,94,2026-06-29 13:25:57.825636,[],
1522,SS12T36,ZU8,Pens Silicon 100% Uso General Pennsylvania |Transparente 280 ml,"Sellador de silicón 100% de sólidos, para superficies lisas. Ideal para sellar juntas que necesiten ser impermeables y durables, útil para reparación de pequeñas fugas de agua; para superficies como vidrio, aluminio, metal, algunos plásticos, porcelana y azulejos.",1 día hábil,Pennsylvania,,0,,$78.94,false,5,74,2026-06-29 13:25:57.825636,[],
1523,SPO16AM28,H8U,Espuma De Poliuretano  Pens Foam  Pennsylvania |LATA 360°  340ML,"Espuma expandible de poliuretano, ideal para rellenar, aislar y sellar. Es ideal en juntas de marcos de puertas y ventanas, en sellos de perforaciones de ductos. Está diseñada para rellenar, tanto en superficies planas como irregulares. Una vez aplicada y curada, es necesario pintarla.

Ventajas:
Se puede cortar y lijar una vez curado.
Se aplica fácilmente.
Se expande 300% de su volumen.",1 día,Pennsylvania,,0,,$125.18,false,0,89,2026-06-29 13:25:57.825636,[],
1525,SAC6B30,IV1,Pepe Sellador Pennsylvania  |Blanco 300 ml,"Sellador acrílico de excelente relación costo-desempeño, para juntas pequeñas entre cancelería de aluminio, herrería y muros. Puede usarse sobre mastique envejecido. Es ideal para grietas no mayores a 6 mm de ancho en muros.

Ventajas:
Ideal para interiores o exteriores.
Se aplica fácilmente.
Pintable.
Se puede aplicar sobre superficies ligeramente húmedas.",1 día hábil,Pennsylvania,Sellado,0,,$48.46,false,68,95,2026-06-29 13:25:57.825636,[],
1526,SAC6N30,IV1,Pepe Sellador Pennsylvania  |Individual Negro 300 ml,"Sellador acrílico de excelente relación costo-desempeño, para juntas pequeñas entre cancelería de aluminio, herrería y muros. Puede usarse sobre mastique envejecido. Es ideal para grietas no mayores a 6 mm de ancho en muros.

Ventajas:
Ideal para interiores o exteriores.
Se aplica fácilmente.
Pintable.
Se puede aplicar sobre superficies ligeramente húmedas.",1 día hábil,Pennsylvania,Sellado,0,,$48.46,false,68,95,2026-06-29 13:25:57.825636,[],
1527,SAC6A30,IV1,Pepe Sellador Pennsylvania  |Individual Aluminio 300ml,"Sellador acrílico de excelente relación costo-desempeño, para juntas pequeñas entre cancelería de aluminio, herrería y muros. Puede usarse sobre mastique envejecido. Es ideal para grietas no mayores a 6 mm de ancho en muros.

Ventajas:
Ideal para interiores o exteriores.
Se aplica fácilmente.
Pintable.
Se puede aplicar sobre superficies ligeramente húmedas.",1 día hábil,Pennsylvania,Sellado,0,,$48.46,false,68,95,2026-06-29 13:25:57.825636,[],
1528,SAC6N30,IV1,Pepe Sellador Pennsylvania  |Caja con 25 piezas Negro,"Sellador acrílico de excelente relación costo-desempeño, para juntas pequeñas entre cancelería de aluminio, herrería y muros. Puede usarse sobre mastique envejecido. Es ideal para grietas no mayores a 6 mm de ancho en muros. Ventajas: Ideal para interiores o exteriores. Se aplica fácilmente. Pintable. Se puede aplicar sobre superficies ligeramente húmedas.",1 día hábil,Pennsylvania,Sellado,0,,$1055.53,false,68,95,2026-06-29 13:25:57.825636,[],
1529,SAC6A30,IV1,Pepe Sellador Pennsylvania  |Caja con 25 piezas Aluminio,"Sellador acrílico de excelente relación costo-desempeño, para juntas pequeñas entre cancelería de aluminio, herrería y muros. Puede usarse sobre mastique envejecido. Es ideal para grietas no mayores a 6 mm de ancho en muros. Ventajas: Ideal para interiores o exteriores. Se aplica fácilmente. Pintable. Se puede aplicar sobre superficies ligeramente húmedas.",1 día hábil,Pennsylvania,Sellado,0,,$1055.53,false,68,95,2026-06-29 13:25:57.825636,[],
153,947835,27,Cempanel Cedar |6MM 1.22 X 2.44 Mts,"Apariencia tipo madera, el acabado Cedar de Cempanel ofrece un alto valor estético, con un aporte de resistencia inmejorable vs la madera, una preparación similar, este acabado sustituye la madera y contribuye a la ecología evitando que se sigan talando arboles para conseguir esta textura. El aliado perfecto para promover la construcción amigable en hogares que buscan un balance entre el buen gusto, la elegancia y la conciencia ambiental.",18 a 22 días hábiles pedido minimo de fabricacion 200 piezas,Cempanel,Cempanel,0,,$651.14,false,87,95,2026-06-29 13:25:57.825636,[],
1533,SS14B36,O9X,Pens Silicon  Baños y Cocinas  Pennsylvania |Caja con 25 pz Blanco,"Sellador de curado acético con fungicida que evita la formación de hongos. Para juntas entre materiales lisos como, cancel de aluminio y azulejo, vidrio y azulejo, aluminio y vidrio, así como tarjas y muebles de baño en general donde exista gran porcentaje de humedad.",1 a 2 días hábiles,Pennsylvania,Sellado,0,,"$1,921.96",false,60,94,2026-06-29 13:25:57.825636,[],
1534,SPO1B,G4R,Sellador Duretán Pennsylvania |Caja con 25 pz Blanco,"Caja con 25 piezas cartucho color blanco 300 ml 

El sellador de poliuretano es ideal para emboquillados, sellos perimetrales y sellos de láminas en techumbres, así como para juntas que requieran ser impermeables o herméticas. Es útil para materiales lisos o porosos, como aluminio y muro.

Se adhiere a superficies porosas con lisas, sin necesidad de usar primer.
Resiste el ataque de microorganismos.
No escurre en juntas verticales (ancho máximo de junta: 20 mm).
Resiste a la humedad salina, intemperie y envejecimiento.",1 día hábil,Pennsylvania,,0,,$2721.36,false,5,99,2026-06-29 13:25:57.825636,[],
1535,SPO1N,G4R,Sellador Duretán Pennsylvania |Caja con 25 pz Negro,"Caja con 25 piezas cartucho color  negro  300 ml

El sellador de poliuretano es ideal para emboquillados, sellos perimetrales y sellos de láminas en techumbres, así como para juntas que requieran ser impermeables o herméticas. Es útil para materiales lisos o porosos, como aluminio y muro.

Se adhiere a superficies porosas con lisas, sin necesidad de usar primer.
Resiste el ataque de microorganismos.
No escurre en juntas verticales (ancho máximo de junta: 20 mm).
Resiste a la humedad salina, intemperie y envejecimiento.",1 día hábil,Pennsylvania,,0,,$2721.36,false,3,99,2026-06-29 13:25:57.825636,[],
1536,SPO1G,G4R,Sellador Duretán Pennsylvania |Caja con 25 pz  Gris,"Caja con 25 piezas cartucho color Gris   300 ml

El sellador de poliuretano es ideal para emboquillados, sellos perimetrales y sellos de láminas en techumbres, así como para juntas que requieran ser impermeables o herméticas. Es útil para materiales lisos o porosos, como aluminio y muro.

Se adhiere a superficies porosas con lisas, sin necesidad de usar primer.
Resiste el ataque de microorganismos.
No escurre en juntas verticales (ancho máximo de junta: 20 mm).
Resiste a la humedad salina, intemperie y envejecimiento.",1 a 4 días hábiles,Pennsylvania,,0,,$2721.36,false,3,99,2026-06-29 13:25:57.825636,[],
1537,SAC1B3,M7S,Acrilastic  Pennsylvania|Caja con 25 pz Blanco,"*Caja con 25 cartuchos  color blanco 300 ml *

Es un sellador de base acrílica 100%, siliconizado, elaborado para sellar juntas entre materiales lisos y porosos . Es un producto manufacturado en forma de pasta suave, cremosa y de fácil aplicación. Tiene excelentes propiedades como adhesión a una variedad de sustratos, gran durabilidad en exteriores, alta capacidad de movimiento, Evita la formación de hongos.

Ideal para emboquillar el perimetro de las puertas y ventanas, asi como grietas no mayores a 6 mm en losas que despues recibiran impermeabilizante y en muros de concreto o tabique que seran pintados posteriormente.",1 día hábil,Pennsylvania,Sellado,20,,$1207.94,false,88,97,2026-06-29 13:25:57.825636,[],
1538,SAC1N3,M7S,Acrilastic  Pennsylvania|Caja con 25 pz Negro,"*Caja con 25 cartuchos  color Negro 300 ml +

Es un sellador de base acrílica 100%, siliconizado, elaborado para sellar juntas entre materiales lisos y porosos . Es un producto manufacturado en forma de pasta suave, cremosa y de fácil aplicación. Tiene excelentes propiedades como adhesión a una variedad de sustratos, gran durabilidad en exteriores, alta capacidad de movimiento, Evita la formación de hongos.

Ideal para emboquillar el perimetro de las puertas y ventanas, asi como grietas no mayores a 6 mm en losas que despues recibiran impermeabilizante y en muros de concreto o tabique que seran pintados posteriormente.",1 a 4 días hábiles,Pennsylvania,Sellado,5,,$1207.94,false,88,97,2026-06-29 13:25:57.825636,[],
1539,SAC1A3,M7S,Acrilastic  Pennsylvania|Caja con 25 pz Aluminio,"*Caja con 25 cartuchos  color  Aluminio 300 ml*

Es un sellador de base acrílica 100%, siliconizado, elaborado para sellar juntas entre materiales lisos y porosos . Es un producto manufacturado en forma de pasta suave, cremosa y de fácil aplicación. Tiene excelentes propiedades como adhesión a una variedad de sustratos, gran durabilidad en exteriores, alta capacidad de movimiento, Evita la formación de hongos.

Ideal para emboquillar el perimetro de las puertas y ventanas, asi como grietas no mayores a 6 mm en losas que despues recibiran impermeabilizante y en muros de concreto o tabique que seran pintados posteriormente.",1 a 4 días hábiles,Pennsylvania,Sellado,5,,$1207.94,false,88,97,2026-06-29 13:25:57.825636,[],
154,947836,27,Cempanel Cedar |6MM 1.22 X 2.44 Mts Primer,"Apariencia tipo madera, el acabado Cedar de Cempanel ofrece un alto valor estético, con un aporte de resistencia inmejorable vs la madera, una preparación similar, este acabado sustituye la madera y contribuye a la ecología evitando que se sigan talando arboles para conseguir esta textura. El aliado perfecto para promover la construcción amigable en hogares que buscan un balance entre el buen gusto, la elegancia y la conciencia ambiental.",18 a 22 días hábiles pedido minimo de fabricacion 200 piezas,Cempanel,Cempanel,0,,$765.60,false,87,95,2026-06-29 13:25:57.825636,[],
1542,SAC6B3,IV1,Pepe Sellador Pennsylvania  |Caja con 25 piezas Blanco,"Caja con 25 cartuchos blancos 300 ml

Sellador acrílico de excelente relación costo-desempeño, para juntas pequeñas entre cancelería de aluminio, herrería y muros. Puede usarse sobre mastique envejecido. Es ideal para grietas no mayores a 6 mm de ancho en muros.

Ventajas:
Ideal para interiores o exteriores.
Se aplica fácilmente.
Pintable.
Se puede aplicar sobre superficies ligeramente húmedas.",1 día hábil,Pennsylvania,Sellado,0,,"$1,025.00",false,68,95,2026-06-29 13:25:57.825636,[],
155,947712,27,Cempanel Cedar |8MM 1.22 X 2.44 Mts,"Apariencia tipo madera, el acabado Cedar de Cempanel ofrece un alto valor estético, con un aporte de resistencia inmejorable vs la madera, una preparación similar, este acabado sustituye la madera y contribuye a la ecología evitando que se sigan talando arboles para conseguir esta textura. El aliado perfecto para promover la construcción amigable en hogares que buscan un balance entre el buen gusto, la elegancia y la conciencia ambiental.",2 a 4 dias habiles,Cempanel,Cempanel,0,,$870.87,false,87,95,2026-06-29 13:25:57.825636,[],
157,1319859,28,Cempanel Celosia |Circulo Image 18 MM 1.22 x 2.44 Mts,"Las placas de CEMPANEL IMAGE pueden ser utilizadas para hacer diseños personalizados en elementos decorativos de muros interiores, logotipos, plafones, celosías para iluminación y ventilación; disponible en espesor de 18 mm.",18 a 20 dias habiles pedido minimo de 5 piezas,Cempanel,,0,,"$3,393.72",false,10,92,2026-06-29 13:25:57.825636,[],
158,1319860,28,Cempanel Celosia |Med CIrculo Image 18 MM 1.22 x 2.44 Mts,"Las placas de CEMPANEL IMAGE pueden ser utilizadas para hacer diseños personalizados en elementos decorativos de muros interiores, logotipos, plafones, celosías para iluminación y ventilación; disponible en espesor de 18 mm.",18 a 20 dias habiles pedido minimo de 5 piezas,Cempanel,,0,,"$4,591.54",false,10,92,2026-06-29 13:25:57.825636,[],
1580,SS14T36,O9X,Pens Silicon  Baños y Cocinas  Pennsylvania |Caja con 25 pz Transparente 280 ml,"Sellador de curado acético con fungicida que evita la formación de hongos. Para juntas entre materiales lisos como, cancel de aluminio y azulejo, vidrio y azulejo, aluminio y vidrio, así como tarjas y muebles de baño en general donde exista gran porcentaje de humedad.",1 día hábil,Pennsylvania,Sellado,0,,"$1,729.86",false,60,94,2026-06-29 13:25:57.825636,[],
1585,SPO16AM28,H8U,Espuma De Poliuretano  Pens Foam  Pennsylvania |Caja con  12 piezas 360° ml,"Espuma expandible de poliuretano, ideal para rellenar, aislar y sellar. Es ideal en juntas de marcos de puertas y ventanas, en sellos de perforaciones de ductos. Está diseñada para rellenar, tanto en superficies planas como irregulares. Una vez aplicada y curada, es necesario pintarla.

Ventajas:
Se puede cortar y lijar una vez curado.
Se aplica fácilmente.
Se expande 300% de su volumen.",1 día,Pennsylvania,Sellado,0,,"$1,308.65",false,55,89,2026-06-29 13:25:57.825636,[],
1586,SS18T36C,YJ6,Pepe Silicon  Pennsylvania |Caja con 25 pz Transparente,"Cartucho Transparente 280 ml 

Sellador de curado acético multiusos para superficies lisas o juntas entre materiales que necesiten ser impermeables y herméticos. Cura rápidamente al contacto con la humedad del medio ambiente, formando un sello durable, resistente y económico.",1 día,Pennsylvania,,0,,"$1,480.00",false,10,96,2026-06-29 13:25:57.825636,[],
1588,SS12T36T,ZU8,Pens Silicon  100% Uso General  Pennsylvania |Caja con 25 pz Transparente,"Sellador de silicón 100% de sólidos, para superficies lisas. Ideal para sellar juntas que necesiten ser impermeables y durables, útil para reparación de pequeñas fugas de agua; para superficies como vidrio, aluminio, metal, algunos plásticos, porcelana y azulejos.",1 día hábil,Pennsylvania,,0,,"$1,729.86",false,10,74,2026-06-29 13:25:57.825636,[],
1589,SS110130,MXG,Pens Policarbonato  Pennsylvania |Caja con 25 piezas Transparente,"Sellador de curado neutro alcoxi, diseñado especialmente para realizar sellos de juntas en cubiertas o domos de policarbonato y concreto, vidrio o aluminio anodizado o pintado; juntas de acrílicos y otros plásticos.",1 día,Pennsylvania,Sellado,0,,"$3,036.86",false,62,77,2026-06-29 13:25:57.825636,[],
159,1319861,28,Cempanel Celosia |Procsa Image 18 MM 1.22 x 2.44 Mts,"Las placas de CEMPANEL IMAGE pueden ser utilizadas para hacer diseños personalizados en elementos decorativos de muros interiores, logotipos, plafones, celosías para iluminación y ventilación; disponible en espesor de 18 mm.",18 a 20 dias habiles pedido minimo de 5 piezas,Cempanel,,0,,"$3,806.57",false,10,92,2026-06-29 13:25:57.825636,[],
1590,AH11B104,R2M,Sellador Fijaset 2 Pennsylvania |Cartucho Blanco  290 ml,"Adhesivo sin solvente basado en polímeros híbridos, de fácil aplicación; está diseñado para fijar espejos, lunas, láminas de aluminio, sobre cemento pulido, madera, azulejo, tabla yeso y mampostería.

Ventajas:
Cura rápidamente.
Es compatible con cualquier plateado.
Se coloca fácilmente.
Cuenta con 30 minutos para reacomodar la pieza sin desprenderla.",1 día hábil,Pennsylvania,Sellado,0,,$144.94,false,67,93,2026-06-29 13:25:57.825636,[],
160,1319857,28,Cempanel Celosia |Recepcion Image 18 MM 1.22 x 2.44 Mts,"Las placas de CEMPANEL IMAGE pueden ser utilizadas para hacer diseños personalizados en elementos decorativos de muros interiores, logotipos, plafones, celosías para iluminación y ventilación; disponible en espesor de 18 mm.",18 a 20 dias habiles pedido minimo de 5 piezas,Cempanel,,0,,"$4,591.48",false,5,92,2026-06-29 13:25:57.825636,[],
161,1319858,28,Cempanel Celosia |Triangulo Image 18 MM 1.22 x 2.44 Mts,"Las placas de CEMPANEL IMAGE pueden ser utilizadas para hacer diseños personalizados en elementos decorativos de muros interiores, logotipos, plafones, celosías para iluminación y ventilación; disponible en espesor de 18 mm.",18 a 20 dias habiles pedido minimo de 5 piezas,Cempanel,,0,,"$3,821.81",false,9,92,2026-06-29 13:25:57.825636,[],
1611,AH11B10,R2M,Sellador Fija set 2  Pennsylvania |Caja con 12 cartuchos 290 ml,"Color Blanco 

Adhesivo sin solvente basado en polímeros híbridos, de fácil aplicación; está diseñado para fijar espejos, lunas, láminas de aluminio, sobre cemento pulido, madera, azulejo, tabla yeso y mampostería.

Ventajas:
Cura rápidamente.
Es compatible con cualquier plateado.
Se coloca fácilmente.
Cuenta con 30 minutos para reacomodar la pieza sin desprenderla.",1 día hábil,Pennsylvania,Sellado,0,,"$1,515.32",false,67,93,2026-06-29 13:25:57.825636,[],
1613,SRT100R30,C50,Silicon Alta Temperatura RTV 100 Pennsylvania |Caja con 25 cartuchos  Rojo  300ml,"Caja con 25 piezas 300 ml Rojo 

Sellador de silicón de curado acético, resistente a altas temperaturas. Cura al contacto con la humedad del aire, produce un sello durable y resistente a diversas temperaturas, con un amplio rango de aplicaciones en la industria en general y en automóviles.
Usos ideales:
Juntas elásticas o uniones entre materiales lisos.
Juntas en tapas de cadenas de distribución y cubiertas de filtro de aceite
Juntas en tapas de punterías y bombas.
Instalación de climas y entradas de cable en conductores e incluso fijación de emblemas, molduras, calaveras y accesorios metálicos.
Ventajas:
Resiste hasta 200 °C, en periodos continuos",1 día,Pennsylvania,Sellado,0,,"$2,435.88",false,64,88,2026-06-29 13:25:57.825636,[],
1614,SRT100R30,C50,Silicon Alta Temperatura RTV 100 Pennsylvania |Cartucho Rojo  300 ml,"Cartucho Rojo 300 ml 

Sellador de silicón de curado acético, resistente a altas temperaturas. Cura al contacto con la humedad del aire, produce un sello durable y resistente a diversas temperaturas, con un amplio rango de aplicaciones en la industria en general y en automóviles.
Usos ideales:
Juntas elásticas o uniones entre materiales lisos.
Juntas en tapas de cadenas de distribución y cubiertas de filtro de aceite
Juntas en tapas de punterías y bombas.
Instalación de climas y entradas de cable en conductores e incluso fijación de emblemas, molduras, calaveras y accesorios metálicos.
Ventajas:
Resiste hasta 200 °C, en periodos continuos",1 día,Pennsylvania,Sellado,80,,$111.84,false,65,88,2026-06-29 13:25:57.825636,[],
163,947623,29,Cempanel Liso |10 MM 1.22 x 2.44 Mts,"Apariencia tipo concreto, las placas de CEMPANEL Liso funcionan en fachadas ofreciendo un estilo vanguardista y elegante, se puede utilizar tanto en exterior como interior y muros decorativos.

Se pueden utilizar en muros exteriores e interiores, fachadas, faldones, plafones muros curvados, cubiertas de azotea e inclusive en entrepisos; disponible en espesores de 4, 6, 8, 10, 12 y 18 mm.",2 a 4 días hábiles,Cempanel,Cempanel,0,,"$1,087.92",false,89,99,2026-06-29 13:25:57.825636,[],
165,951244,29,Cempanel Liso |10 MM 1.22 x 3.05 Mts,"Apariencia tipo concreto, las placas de CEMPANEL Liso funcionan en fachadas ofreciendo un estilo vanguardista y elegante, se puede utilizar tanto en exterior como interior y muros decorativos.

Se pueden utilizar en muros exteriores e interiores, fachadas, faldones, plafones muros curvados, cubiertas de azotea e inclusive en entrepisos; disponible en espesores de 4, 6, 8, 10, 12 y 18 mm.",18 a 22 días hábiles pedido minimo de fabricacion 200 piezas,Cempanel,Cempanel,0,,"$1,292.59",false,89,99,2026-06-29 13:25:57.825636,[],
166,968236,29,Cempanel Liso |10 MM 1.22 x 3.66 Mts,"Apariencia tipo concreto, las placas de CEMPANEL Liso funcionan en fachadas ofreciendo un estilo vanguardista y elegante, se puede utilizar tanto en exterior como interior y muros decorativos.

Se pueden utilizar en muros exteriores e interiores, fachadas, faldones, plafones muros curvados, cubiertas de azotea e inclusive en entrepisos; disponible en espesores de 4, 6, 8, 10, 12 y 18 mm.",18 a 22 días hábiles pedido minimo de fabricacion 200 piezas,Cempanel,Cempanel,0,,"$1,491.64",false,89,99,2026-06-29 13:25:57.825636,[],
1661,SRT100N30,C50,Silicon Alta Temperatura RTV 100 Pennsylvania |Caja con 25 Cartuchos Negro 300 ml,"Caja con 25 piezas 300 ml  color Negro 

Sellador de silicón de curado acético, resistente a altas temperaturas. Cura al contacto con la humedad del aire, produce un sello durable y resistente a diversas temperaturas, con un amplio rango de aplicaciones en la industria en general y en automóviles.
Usos ideales:
Juntas elásticas o uniones entre materiales lisos.
Juntas en tapas de cadenas de distribución y cubiertas de filtro de aceite
Juntas en tapas de punterías y bombas.
Instalación de climas y entradas de cable en conductores e incluso fijación de emblemas, molduras, calaveras y accesorios metálicos.
Ventajas:
Resiste hasta 200 °C, en periodos continuos",1 día,Pennsylvania,Sellado,0,,"$2,435.88",false,64,88,2026-06-29 13:25:57.825636,[],
1662,SPO4AM28,H8U,Espuma De Poliuretano  Pens Foam  Pennsylvania |Lata 350 ml,"Espuma expandible de poliuretano, ideal para rellenar, aislar y sellar. Es ideal en juntas de marcos de puertas y ventanas, en sellos de perforaciones de ductos. Está diseñada para rellenar, tanto en superficies planas como irregulares. Una vez aplicada y curada, es necesario pintarla.

Ventajas:
Se puede cortar y lijar una vez curado.
Se aplica fácilmente.
Se expande 300% de su volumen.",1 día,Pennsylvania,Sellado,0,,$102.44,false,55,89,2026-06-29 13:25:57.825636,[],
1663,SPO4AM28,H8U,Espuma De Poliuretano  Pens Foam  Pennsylvania |Caja con  12 piezas 350  ml,"Espuma expandible de poliuretano, ideal para rellenar, aislar y sellar. Es ideal en juntas de marcos de puertas y ventanas, en sellos de perforaciones de ductos. Está diseñada para rellenar, tanto en superficies planas como irregulares. Una vez aplicada y curada, es necesario pintarla.

Ventajas:
Se puede cortar y lijar una vez curado.
Se aplica fácilmente.
Se expande 300% de su volumen.",1 día,Pennsylvania,Sellado,0,,"$1,070.94",false,55,89,2026-06-29 13:25:57.825636,[],
1672,PA122,HNF,Plafon Texturizado Astral USG |.61x 1.22 caja con 4 pz,"Peso: 21 kg 
Se componen de un tablero de yeso marca Tablaroca® con finas texturas decorativas. Se suministran listos para instalarse sobre suspensión marca DONN®
 Su bajo peso facilita la colocación, tiene excelentes
propiedades contra el fuego, propagación a la flama y generación de humos",1 día hábil,Usg,Plafones y suspension,0,,$622.19,false,72,86,2026-06-29 13:25:57.825636,[],
1673,16931,O6S,"Mazo de hule 16 oz, Truper |Mazo de hule 16 oz, Truper","Cabeza blanca de hule 100% virgen, que no ensucia ni daña la superficie y proporciona mayor área de impacto
Mango de madera que brinda comodidad durante el golpeo
Ideal para duela, zoclos y superficies delicadas",1 día,Truper,Herramientas,20,,$110.00,false,15,0,2026-06-29 13:25:57.825636,[],
1674,CAS-NI,W3D,"Casco de seguridad ventilado, ajuste de matraca. |Naranja","Fabricado en polietileno de alta densidad
Clase C
Tipo 1: Protege contra impacto de objetos en caída 
Tipo cachucha
Diseño cómodo y ligero",1 día,Truper,Herramientas,30,,$125.00,false,529,0,2026-06-29 13:25:57.825636,[],
1675,CAS-AI,W3D,"Casco de seguridad ventilado, ajuste de matraca. |Amarillo","Fabricado en polietileno de alta densidad
Clase C
Tipo 1: Protege contra impacto de objetos en caída 
Tipo cachucha
Diseño cómodo y ligero",1 día,Truper,Herramientas,30,,$125.00,false,530,0,2026-06-29 13:25:57.825636,[],
1676,CAS-BI,W3D,"Casco de seguridad ventilado, ajuste de matraca. |Blanco","Fabricado en polietileno de alta densidad
Clase C
Tipo 1: Protege contra impacto de objetos en caída 
Tipo cachucha
Diseño cómodo y ligero",1 día,Truper,Herramientas,30,,$125.00,false,528,0,2026-06-29 13:25:57.825636,[],
1677,LEN-SN-P,OVQ,Lentes de seguridad Pretul Lite |Gris 14253,"Mica 100% policarbonato con protección UV y antirayaduras 
Puente nasal cómodo y armazón de policarbonato
Útiles en el manejo de máquinas eléctricas, industria, construcción, taller y hogar",1 día,Truper,Herramientas,50,,$32.00,false,16,7,2026-06-29 13:25:57.825636,[],
1678,LEN-SA-P,OVQ,Lentes de seguridad Pretul Lite |Ámbar 14254,"Mica 100% policarbonato con protección UV y antirayaduras 
Puente nasal cómodo y armazón de policarbonato
Útiles en el manejo de máquinas eléctricas, industria, construcción, taller y hogar",1 día,Truper,Herramientas,50,,$32.00,false,15,6,2026-06-29 13:25:57.825636,[],
168,947586,29,Cempanel Liso |12 MM 1.22 x 2.44 Mts,"Apariencia tipo concreto, las placas de CEMPANEL Liso funcionan en fachadas ofreciendo un estilo vanguardista y elegante, se puede utilizar tanto en exterior como interior y muros decorativos.

Se pueden utilizar en muros exteriores e interiores, fachadas, faldones, plafones muros curvados, cubiertas de azotea e inclusive en entrepisos; disponible en espesores de 4, 6, 8, 10, 12 y 18 mm.",1 a 2 días hábiles,Cempanel,Cempanel,0,,"$1,302.29",false,89,99,2026-06-29 13:25:57.825636,[],
1680,CHS-200N,MSP,Chaleco de seguridad con cintas reflejantes. |Naranja 21026,"00% Poliéster respirable
Cinta reflejante doble de alta visibilidad 3/4"" (19 mm)
Cierre con fijación hook and loop y elásticos laterales para mayor ajuste",1 día,Truper,Herramientas,0,,$52.00,false,18,9,2026-06-29 13:25:57.825636,[],
1681,CHS-200V,MSP,Chaleco de seguridad con cintas reflejantes. |Verde 21027,"00% Poliéster respirable
Cinta reflejante doble de alta visibilidad 3/4"" (19 mm)
Cierre con fijación hook and loop y elásticos laterales para mayor ajuste",1 día,Truper,Herramientas,0,,$52.00,false,10,0,2026-06-29 13:25:57.825636,[],
1682,CHS-200A,MSP,Chaleco de seguridad con cintas reflejantes. |Azul 21028,"00% Poliéster respirable
Cinta reflejante doble de alta visibilidad 3/4"" (19 mm)
Cierre con fijación hook and loop y elásticos laterales para mayor ajuste",1 día,Truper,Herramientas,0,,$52.00,false,10,0,2026-06-29 13:25:57.825636,[],
1683,CH-200R,MSP,Chaleco de seguridad con cintas reflejantes. |Rojo 21025,"00% Poliéster respirable
Cinta reflejante doble de alta visibilidad 3/4"" (19 mm)
Cierre con fijación hook and loop y elásticos laterales para mayor ajuste",1 día,Truper,Herramientas,0,,$52.00,false,38,13,2026-06-29 13:25:57.825636,[],
1684,CSE2N620,O66,"Cinta Pens Multiusos | Rollo Negro 3/16"" x 3/8"" 7.5m","Cinta selladora de espuma de cloruro de polivinilo (PVC) de celda cerrada para múltiples usos. Ideal para sellar ventanas y puertas, evitando el paso de aire, polvo y agua.",1 día,Pennsylvania,,0,,$77.74,false,44,72,2026-06-29 13:25:57.825636,[],
1685,SSI6T36,Y5R,"Silicon Para Peceras Ferre silicón |
Cartucho Transparente 280 ml","Sellador de silicón que cura al contacto con la humedad del medio ambiente. Es ideal para juntas de vidrios de ventanas y materiales lisos, metales, aluminio, azulejos, cerámica porcelanizada y juntas de vitrinas, peceras caseras y pequeñas fugas de agua.

Ventajas:
Se adhiere perfectamente al vidrio y al aluminio.
Cura rápidamente.
No daña la fauna marina.",1 día,Pennsylvania,Sellado,0,,$73.91,false,61,78,2026-06-29 13:25:57.825636,[],
1686,16225,0V8,Nivelante de pisos Pegazim | 25 kg,"Mortero premezclado listo para mezclar, de fraguado normal para realizar recrecidos de secado rápido (7 días), en interiores

Campos de aplicación.

Preparación de recrecidos sobre soportes nuevos y viejos en interiores, para la colocación de cerámica, piedra
natural o algún autonivelante cementicio Mepei (tipo Ultraplan Eco 20), previo a la colocación de madera, PVC,
linóleum, en instalaciones residenciales.",,Mapei,Adhesivos y nivelantes,0,,$239.99,false,88,0,2026-06-29 13:25:57.825636,[],
1687,PMX22,460,Reparador de Concreto Planitop X | 22.7 kg,"Planitop X es un mortero cementoso para reparación, de un componente, reforzado con fibras, de contracción compensada, alta resistencia inicial, fraguado rápido, modificado con polímero y alto espesor con inhibidor de corrosión. Adecuado para todo tipo de reparaciones de concreto vertical y elevado, en espacios interiores/exteriores, incluyendo concreto prefabricado/ pretensado, precolado, postensado y formado en el sitio. Planitop X se puede aplicar en capas muy delgadas y de hasta 10 cm (4 pulgadas) por capa.",,Mapei,Adhesivos y nivelantes,0,,"$1,632.12",false,83,15,2026-06-29 13:25:57.825636,[],
1688,2903320,KDO,Piso Sobre Piso Ultraflex 2 Blanco | 20 kg ,"Colocación, tanto en interior como en exterior, para los cerámicos de todos los tipos (alta, media y baja absorción de humedad) y tamaño; material pétreo, con hasta 15 mm de espesor. Sobre soportes irregulares. Colocación de material pétreo tanto en interior como en exterior (siempre que sea estable e insensible a la humedad).",,Mapei,,0,,$425.72,false,50,0,2026-06-29 13:25:57.825636,[],
1689,SRT100N30,C50,Silicon Alta Temperatura RTV 100 Pennsylvania |Cartucho Negro  300 ml,"Cartucho Negro 300ml 

Sellador de silicón de curado acético, resistente a altas temperaturas. Cura al contacto con la humedad del aire, produce un sello durable y resistente a diversas temperaturas, con un amplio rango de aplicaciones en la industria en general y en automóviles.
Usos ideales:
Juntas elásticas o uniones entre materiales lisos.
Juntas en tapas de cadenas de distribución y cubiertas de filtro de aceite
Juntas en tapas de punterías y bombas.
Instalación de climas y entradas de cable en conductores e incluso fijación de emblemas, molduras, calaveras y accesorios metálicos.
Ventajas:
Resiste hasta 200 °C, en periodos continuos",1 día,Pennsylvania,Sellado,140,,$111.84,false,64,88,2026-06-29 13:25:57.825636,[],
169,947587,29,Cempanel Liso |12 MM 1.22 x 2.44 Mts Primer,"Apariencia tipo concreto, las placas de CEMPANEL Liso funcionan en fachadas ofreciendo un estilo vanguardista y elegante, se puede utilizar tanto en exterior como interior y muros decorativos.

Se pueden utilizar en muros exteriores e interiores, fachadas, faldones, plafones muros curvados, cubiertas de azotea e inclusive en entrepisos; disponible en espesores de 4, 6, 8, 10, 12 y 18 mm.",1 a 2 días hábiles,Cempanel,Cempanel,0,,"$1,390.84",false,89,99,2026-06-29 13:25:57.825636,[],
1690,SS18B36,YJ6,Pepe Silicon  Pennsylvania |Blanco 280 ml,"Cartucho Transparente 280 ml 

Sellador de curado acético multiusos para superficies lisas o juntas entre materiales que necesiten ser impermeables y herméticos. Cura rápidamente al contacto con la humedad del medio ambiente, formando un sello durable, resistente y económico.",1 día hábil,Pennsylvania,Sellado,0,,$67.91,false,87,96,2026-06-29 13:25:57.825636,[],
1691,SPO4AM1,H8U,Espuma De Poliuretano  Pens Foam  Pennsylvania |Lata 750 ML,"Espuma expandible de poliuretano, ideal para rellenar, aislar y sellar. Es ideal en juntas de marcos de puertas y ventanas, en sellos de perforaciones de ductos. Está diseñada para rellenar, tanto en superficies planas como irregulares. Una vez aplicada y curada, es necesario pintarla.

Ventajas:
Se puede cortar y lijar una vez curado.
Se aplica fácilmente.
Se expande 300% de su volumen.",1 día,Pennsylvania,Sellado,0,,$162.30,false,55,89,2026-06-29 13:25:57.825636,[],
1692,SPO4AM1,H8U,Espuma De Poliuretano  Pens Foam  Pennsylvania |Caja con 12 piezas 750 ml,"Espuma expandible de poliuretano, ideal para rellenar, aislar y sellar. Es ideal en juntas de marcos de puertas y ventanas, en sellos de perforaciones de ductos. Está diseñada para rellenar, tanto en superficies planas como irregulares. Una vez aplicada y curada, es necesario pintarla.

Ventajas:
Se puede cortar y lijar una vez curado.
Se aplica fácilmente.
Se expande 300% de su volumen.",1 día,Pennsylvania,Sellado,0,,"$1,696.69",false,55,89,2026-06-29 13:25:57.825636,[],
1693,AQRPLAK,JKA,Panel de cemento Aquaroc Pro|1.22 x 2.44,"Placa de cemento para exterior. Recubierta con malla de fibra de vidrio polimerizada embebida en la superficie. Por su composición, Aquaroc Max ™es ideal para instalarse en sistemas expuestos a la intemperie, o contacto directo y constante con agua, pues al ser de cemento esto no afecta sus propiedades físicas o dimensionales. Con medidas de 1,22 m (4') de ancho, 2,44m",1 día,Gyproc,Tablaroca y durock,150,,$750.00,true,91,94,2026-06-29 13:25:57.825636,"[""1803"", ""506"", ""123"", ""1806"", ""774"", ""777""]",https://drive.google.com/file/d/1cPad4ysfKGPioxBR14cqdEfGvjhr5kv2/view?usp=drive_link
1694,M00354234,YAV,Tablaroca X Terium Glasroc|1.22x 2.44,"X-terium, plaka de yeso para muros, plafones y elementos de fachadas que proporcionan ventajas como una fácil y rápida instalación y ligereza contra otros sistemas constructivos para exterior, lo que hace muy eficiente su instalación en términos de avance de obra, y reducción de carga en la estructura principal. 

Es una placa de yeso sintético no combustible especialmente formulado para resistir la humedad y el crecimiento de hongos y algas, recubiertas con una membrana de fibra de vidrio reforzado para resistir cualquier condición de intemperie",1 día,Gyproc,Tablaroca y durock,300,,$760.00,true,87,93,2026-06-29 13:25:57.825636,"[""1803"", ""506"", ""123"", ""1806"", ""774"", ""777""]",https://drive.google.com/file/d/1kLBYIKS1FQjPZ5VgrgXcLS0tG5C2Ij2C/view?usp=drive_link
1695,M00679599,GY6,Tablaroca  Easi Lite  |1.22 x 2.44,"laka de yeso y aditivos recubiertas con
cartoncillo especial de alta resistencia de
1,22 m (4') de ancho, 2,44 m (8') de largo,
y 12,7 mm de espesor. Presenta los lados
largos con rebaje y los cortos en corte
cuadrado o recto.
Fabricadas bajo la norma estandar ASTM
C 1396.
Usos en sistemas de muros y plafones
interiores, cajillos, bóvedas, lambrines,
y cualquier elemento interior no
expuesto a condiciones de humedad",1 día,Gyproc,Tablaroca y durock,0,,$185.00,true,99,99,2026-06-29 13:25:57.825636,"[""1778"", ""498"", ""117"", ""1805"", ""771"", ""220""]",https://drive.google.com/file/d/14CFgiKecp3tdWdOkR0LcOxha2DmqFND0/view?usp=drive_link
1696,M00354222,,Basecoat Bunker Max  | 20 kg,"Adhesivo fabricado a base de cemento con agregados inertes y polímeros acrílicos, especialmente fabricado para aplicarse en las juntas entre X-terium Glasroc y Aquaroc Pro, para ocultar juntas entre dos hojas así como para su aplicación a dos capas sobre toda la superficie. Se presenta en bultos de 20kg y se prepara mezclando el cemento con agua potable para obtener una consistencia homogénea y suave.",,Gyproc,Compuestos y cintas,0,,$393.69,true,92,10,2026-06-29 13:25:58.002895,[],https://drive.google.com/file/d/1jM17Thj9D4KYaLJKCReKQOAE9ik90Y1C/view?usp=sharing
1697,M00665426,ZQ4,PLAFON BAROQUE |Lana Mineral 61 x61 CAJA CON 16 pz,"CARACTERÍSTICAS
- Patrón fisurizado 100% no direccional
- Estética excelente y rendimiento acústico extraordinario por un precio
fantástico.
- Variedad de opciones de detalle del borde y tamaños de panel",1 día,Gyproc,Plafones y suspension,0,,"$1,671.10",true,82,86,2026-06-29 13:25:57.825636,[],
1698,M00354224,WR2,RD + MIX PLAKA |Caja de 22 kg,"Compuesto pre-mezclado a base de vidrio listo para aplicarse en el tratamiento de juntas en placas de yeso.
Color: Blanco
Secado final:24 hrs",1 día,Gyproc,Compuestos y cintas,0,,$324.10,true,80,92,2026-06-29 13:25:57.825636,[],https://drive.google.com/file/d/1Bsfa4osCXJ4XSs9dVN6o24r5qpj4lWat/view?usp=drive_link
1699,M00354232,WR2,RD + MIX PLAKA |Cubeta de 28kg,"Compuesto pre-mezclado a base de vidrio listo para aplicarse en el tratamiento de juntas en placas de yeso.
Color: Blanco
Secado final:24 hrs",1 día,Gyproc,Compuestos y cintas,0,,$526.49,false,100,92,2026-06-29 13:25:57.825636,[],https://drive.google.com/file/d/1Bsfa4osCXJ4XSs9dVN6o24r5qpj4lWat/view?usp=drive_link
1703,916,R3P,Piston para herramienta de fijación | Piston GB-350A,Pistón para herramientas de fijación Gb350a,1 día,Gram bel,Sistemas de fijacion directa,0,,$499.99,false,55,88,2026-06-29 13:25:57.825636,[],
1704,1002,R3P,Piston para herramienta de fijación | Piston GB-100S,Pistón para herramientas de fijación Gb350a,1 día,Gram bel,Sistemas de fijacion directa,0,,$450.00,false,55,88,2026-06-29 13:25:57.825636,[],
1709,21610,O1K,"Flexómetro azul 5 m cinta 19 mm, en tarjeta  truper  |5mm","ESPECIFICACIONES
Longitud 5 m (16ft)
Ancho de la cinta 3/4"" (19mm)
Extensión máxima 1.7 m
Exactitud ± 1.2 mm
Escala cm-mm / ft-in
Color de la cinta Blanco
Empaque Tarjeta plástica

CARACTERÍSTICAS
Cuerpo fabricado en ABS de alto impacto color azul
Cinta cubierta con laca para evitar rayaduras y desgaste de la impresión
Clip metálico para fijarlo al cinturón
Correa de PVC para muñeca

USOS
Medición",1 día,Truper,Herramientas,0,,$54.00,false,616,2,2026-06-29 13:25:57.825636,[],
171,947538,29,Cempanel Liso |12 MM 1.22 x 3.05 Mts Primer,"Apariencia tipo concreto, las placas de CEMPANEL Liso funcionan en fachadas ofreciendo un estilo vanguardista y elegante, se puede utilizar tanto en exterior como interior y muros decorativos.

Se pueden utilizar en muros exteriores e interiores, fachadas, faldones, plafones muros curvados, cubiertas de azotea e inclusive en entrepisos; disponible en espesores de 4, 6, 8, 10, 12 y 18 mm.",1 a 2 días hábiles,Cempanel,Cempanel,0,,"$1,734.08",false,89,99,2026-06-29 13:25:57.825636,[],
1711,14658,5AM,"Rotomartillo 1/2' 750 W, profesional, Truper |Rotomartillo 1/2' 750 W, profesional,","Rotomartillo profesional 1/2"", 750 W
CÓDIGO:
14658
CLAVE:
ROTO-1/2A8


CARACTERÍSTICAS
Motor de 750 W, balero de bolas que prolonga la vida útil de la máquina
Selector de función taladro o rotomartillo, con velocidad variable reversible
Mango auxiliar de plastico con giro de 360° para mayor comodidad y mayor control en el perforado
Para perforaciones en concreto, madera y metal
Botón de uso continuo
Rotomartillo
Taladro
Selector de función taladro o rotomartillo, con velocidad variable reversible
Mango auxiliar de plastico con giro de 360° para mayor comodidad y mayor control en el perforado


NORMA
Cumple la norma NOM-003-SCFI


ESPECIFICACIONES
Broquero: 1/2"" (13 mm)
Potencia: 750 W
Tensión / Frecuencia : 127 V / 60 Hz
Consumo : 5.4 A
Velocidad: 0 - 3,100 rpm
Golpes : 0 - 50,000 gpm
Ø Perforación en concreto: 1/2"" (13 mm)
Ø Perforación en acero: 1/2"" (13 mm)
Ø Perforación en madera: 1/2"" (13 mm)
Ciclo de trabajo: 30 minutos de trabajo por 15 minutos de descanso. Máximo diario 3 horas",1 día,Truper,Herramientas,0,,$745.00,false,10,0,2026-06-29 13:25:57.825636,[],
1712,19323,7YS,"Rotomartillo SDS Plus 6 Joules 1600 W, industrial, Truper |Rotomartillo SDS Plus 6 J","ROTOMARTILLO SDS PLUS, 6 JOULES

CÓDIGO:
19323

CLAVE:
ROEL-60N

CARACTERÍSTICAS
Sistema de inserción rápida SDS plus y sistema antivibración
Motor de 6 Joules, montado sobre balero de bolas para mayor vida útil y mejor desempeño
Selector de función: taladro, rotomartillo, cincelado, cincel más ángulo ajustable
Mango auxiliar antiderrapante con giro de 360° para mayor comodidad y mayor control en el perforado
Para perforación en concreto, madera y metal
Varilla de control de profundidad
GAR-3
19323-08
Cincelado
19323-07
Taladro
19323-06
Rotomartillo
19323-05
Piedra
19323-04
Ladrillo
19323-03
Concreto
19323-02
Modo libre, puede girar el cincel en cualquier posición
19323-01
NOR-28
19323-09
Cincel mas ángulo ajustable

NORMA
Cumple la norma NOM-003-SCFI

ESPECIFICACIONES
Broquero SDS plus
Energía de impacto 6 Joules
Potencia 1 600 W
Tensión / Frecuencia 127 V / 60 Hz
Consumo 12.5 A
Velocidad variable 0 - 850 rpm
Golpes 0 - 4,780 gpm
Ø Perforación en concreto 1 1/4"" (32 mm)
Ø Perforación",1 día,Truper,Herramientas,0,,"$3,150.00",false,10,0,2026-06-29 13:25:57.825636,[],
1713,16026,SLP,"Escalera de extensión tipo III, 16 peldaños, Truper |Escalera de extensión, tipo II","ESPECIFICACIONES
Tipo III
Número de peldaños 16
Capacidad de carga 91 kg
Altura extendida 4.88 m (16')
Altura sin extender 2.44 m (8')
Alcance máximo 3.96 m (13')
Volumen 0.13 m³
Ancho de peldaños 3.2 cm
Peso 7.7 kg
Empaque Granel

CARACTERÍSTICAS
Fabricada de aluminio con peldaños antiderrapantes en forma ""D"" y zapata giratoria con base antideslizante
Con sujetadores para asegurar la escalera en cada nivel ajustable
Doble seguro de gravedad de cierre rápido",1 día,Truper,Herramientas,0,,"$3,200.00",false,10,0,2026-06-29 13:25:57.825636,[],
1714,10435,IAU,"Escalera de tijera tipo II 3 peldaños, Truper |tipo II 3 peldaños","ESPECIFICACIONES
Tipo II
Número de peldaños 3
Capacidad de carga 102 kg
Altura 1.22 m (4')
Alcance máximo 2.44 m (8')
Apertura lateral 75 cm
Volumen 0.07 m³
Ancho de peldaños 3"" (7.62cm)
Peso 3.8 kg
Empaque Granel

CARACTERÍSTICAS
Fabricada en aluminio
Tacones de plástico y peldaños antiderrapantes
Separadores externos para mayor estabilidad y refuerzos en peldaño inferior para mayor resistencia

USOS
Semiprofesional",1 día,Truper,Herramientas,0,,"$1,299.00",false,23,14,2026-06-29 13:25:57.825636,[],
1715,12793,NLV,"Rotomartillo compacto inalámbrico 3/8', 12 V, Truper |BATERÍA ION LITIO, 12 V","ROTOMARTILLO INALÁMBRICO COMPACTO, BATERÍA ION LITIO, 12 V

CÓDIGO:
12793

CLAVE:
ROTI-12AC

CARACTERÍSTICAS
Caja de doble engranaje con 20 Nm de poder
Batería de Ion-Litio con 12 V de tensión, dura 2 veces más que las convencionales
Ajuste rápido de torque, 18 configuraciones para un funcionamiento adecuado en cada tarea
Selector de 2 velocidades, con control de sentido de rotación
Broquero de cambio rápido con seguro de retención
Diseño compacto
Luz LED para mayor visibilidad e iluminación del área de trabajo
Ideal para taladrar, atornillador y destornillador
GAR-2
NOR-28
12793-01
Más tiempo de vida Mayor velocidad de carga
12793-02
Incluyen batería ion litio
12793-03
Rotomartillo
12793-04
Taladro
12793-05
Destornillador

NORMA
Cumple la norma NOM-003-SCFI

ESPECIFICACIONES
Tensión de la batería Ion litio 12 V, 1.5 Ah
Broquero 3/8"" (10 mm) sin llave
Tiempo de recarga 1 h 15 minutos
Velocidad 0 - 350 rpm / 0 - 1,250 rpm
Golpes 0 - 5,600 gpm / 0 - 20,000 gpm
Torque 20 Nm con 18 configu",1 día,Truper,Herramientas,0,,"$1,145.00",false,43,14,2026-06-29 13:25:57.825636,[],
1716,14659,UUH,"Rotomartillo 1/2"" 850 W, profesional, Truper |Rotomartillo 1/2.in 850 W, profesional","ROTOMARTILLO 1/2"", PROFESIONAL, 850 W

CÓDIGO:
14659

CLAVE:
ROTO-1/2A9

CARACTERÍSTICAS
Motor de 850 W, balero de bolas que prolonga la vida útil de la máquina
Caja de engranes de aluminio
Selector de función taladro o rotomartillo, con velocidad variable reversible
Mango auxiliar con giro de 360° para mayor comodidad y mayor control en el perforado
Para perforación en concreto, madera y metal
Botón de uso continuo
GAR-2
NOR-28
14659-01
Rotomartillo
14659-02
Taladro

NORMA
Cumple la norma NOM-003-SCFI

ESPECIFICACIONES
Broquero 1/2"" (13 mm)
Potencia 850 W
Tensión / Frecuencia 127 V / 60 Hz
Consumo 6.75 A
Velocidad 0 - 3,100 rpm
Golpes 0 - 50,000 gpm
Ø Perforación en concreto 1/2"" (13 mm)
Ø Perforación en acero 1/2"" (13 mm)
Ø Perforación en madera 1 1/4"" (32 mm)
Ciclo de trabajo 30 minutos de trabajo por 15 minutos de descanso. Máximo diario 3 horas
Peso 2.4 kg

INCLUYE
Varilla de control de profundidad
Mango auxiliar 360°
Llave para broquero",1 día,Truper,Herramientas,0,,"$1,050.00",false,13,3,2026-06-29 13:25:57.825636,[],
1717,M00533389,4F8,Tablaroca Easi lite Anti Moho|1.22 x 2.44,"Evita la propagación de Moho Plakas de yeso y aditivos recubiertas con cartoncillo especial de alta resistencia de 1,22 m (4') de ancho, 2,44 m (8') de largo, y 12,7 mm de espesor. Presenta los lados largos con rebaje y los cortos en corte cuadrado o recto. Fabricadas bajo la norma estandar ASTM C 1396.",1 día,Gyproc,Tablaroca y durock,0,,$200,true,96,95,2026-06-29 13:25:57.825636,"[""1778"", ""498"", ""117"", ""1805"", ""771"", ""220""]",https://drive.google.com/file/d/1d64SZoYMuL-gE4BiyNEkwhwD5iND4Pa5/view?usp=drive_link
1718,503,DZE,Anclaje Químico GU-500 | Resina Epoxica 400ml,"Cartucho de inyección formado por dos componentes; uno de resina epóxica y otro endurecedor, lo cual brinda altas cargas y curado en tiempo adecuado.
Para fijar varilla roscada, tornillos y algunos otros elementos de fijación que se necesiten dentro del concreto.
Para cargas estáticas y dinámicas, no contiene estireno.
El cartucho dual contiene la resina y el catalizador en compartimentos separados, que al ser mezclados y dispensados simultáneamente en las proporciones correctas con la boquilla de aplicación (incluida en cada paquete), generan la formula adecuada para su instalación, para todo esto debe usar el aplicador (no incluido) con doble embolo de 400 ml.",1 día,Gram bel,Anclajes químicos y epoxicos,100,,$446.60,false,83,79,2026-06-29 13:25:57.825636,[],
1719,538,6W9,Pistola aplicadora de Epoxicos | ,"Herramienta profesional ideal para anclajes químicos y sellados estructurales de alta precisión. Su diseño ergonómico de alta resistencia y sistema antigoteo optimizan el flujo de cartuchos bicomponentes, reduciendo el esfuerzo y el desperdicio de material en cada proyecto.",1 día,Grambel,Anclajes químicos y epoxicos,0,,$798.08,false,71,71,2026-06-29 13:25:58.002895,[],
1723,SPO1B65,1WJ,Sellador Duretán Salchicha 600ml Pennsylvania  |Blanco salchicha 600ml,"El sellador de poliuretano es ideal para emboquillados, sellos perimetrales y sellos de láminas en techumbres, así como para juntas que requieran ser impermeables o herméticas. Es útil para materiales lisos o porosos, como aluminio y muro.

Se adhiere a superficies porosas con lisas, sin necesidad de usar primer.
Resiste el ataque de microorganismos.
No escurre en juntas verticales (ancho máximo de junta: 20 mm).
Resiste a la humedad salina, intemperie y envejecimiento.",1 día,Pennsylvania,Sellado,0,,$193.82,false,89,98,2026-06-29 13:25:57.825636,[],
1724,SPO1N65,1WJ,Sellador Duretán Salchicha 600ml Pennsylvania  |Negro salchicha 600ml,"El sellador de poliuretano es ideal para emboquillados, sellos perimetrales y sellos de láminas en techumbres, así como para juntas que requieran ser impermeables o herméticas. Es útil para materiales lisos o porosos, como aluminio y muro.

Se adhiere a superficies porosas con lisas, sin necesidad de usar primer.
Resiste el ataque de microorganismos.
No escurre en juntas verticales (ancho máximo de junta: 20 mm).
Resiste a la humedad salina, intemperie y envejecimiento.",1 día,Pennsylvania,Sellado,0,,$193.82,false,89,98,2026-06-29 13:25:57.825636,[],
1725,SPO1N66,1WJ,Sellador Duretán Salchicha 600ml Pennsylvania  |Gris Salchicha 600ml,"El sellador de poliuretano es ideal para emboquillados, sellos perimetrales y sellos de láminas en techumbres, así como para juntas que requieran ser impermeables o herméticas. Es útil para materiales lisos o porosos, como aluminio y muro.

Se adhiere a superficies porosas con lisas, sin necesidad de usar primer.
Resiste el ataque de microorganismos.
No escurre en juntas verticales (ancho máximo de junta: 20 mm).
Resiste a la humedad salina, intemperie y envejecimiento.",1 día,Pennsylvania,Sellado,0,,$193.82,false,89,98,2026-06-29 13:25:57.825636,[],
1727,1010381,4GZ,"Aislhogar R11 | 3.5"" .61m x 15.24m","Aislamiento térmico y acústico R-11 a base de fibra de vidrio, de 3.5"" de espesor por 24"" de ancho por 50 pies de largo, sin recubrimiento de papel. Usos y aplicaciones: Ideal para colocar entre los espacios libres en el interior de techos y pisos falsos, muros a base de yeso y canceles metálicos o de madera. Ventajas: Máxima eficiencia térmica y acústica. Fácil de instalar y manejar. Bajo mantenimiento y larga duración.",1 día,Owens corning,Aislantes,0,,$915.19,false,88,88,2026-06-29 13:25:57.825636,[],https://drive.google.com/file/d/13Ah4fabl1WJ7N2N_mURy_jK9zvBYetlD/view?usp=sharing
1728,RMPR1.5,87,Ready Mix  Panel Rey |1.5Kg Panel Rey,"Ready Mix Panel Rey ideal para relleno y resane de juntas en tableros de yeso.

Uso:Interior

Rendimiento Aprox : 1.7 mts2/Kg",1 día,Panel Rey,Compuestos y cintas,100,,$94.04,false,101,94,2026-06-29 13:25:57.825636,"[""1805"", ""326"", ""324"", ""325"", ""220"", ""221""]",https://drive.google.com/file/d/1qafNdfl0n3UN6SrvQgN_QMZRoof8oyks/view
1729,M00354100,2BZ,Adhesivo para Enchapado Webertherm|Saco 25 kg,"El adhesivo para enchapes Saint-Gobain Plaka es una pasta adhesiva aditivada especialmente para realizar enchapado de plakas de yeso para interiores, como son Plaka STD, Plaka RH y Plaka RF, sobre soportes secos como mampostería o bloques los cuales deben estar exentos de polvo.

Mezcla de producto:
Utilizar 800 ml. de agua por cada kilo de ADHesivo Plaka.En un contenedor limpio de residuos colocar el agua y posteriormente espolvorear de manera uniforme el producto y posteriormente batir de manera enérgica durante 15 segundos aproximadamente para obtener una mezcla homogénea.
Con tiempo de aplicación de 1 hora y tiempo de secado de 24 hrs.",1 día,Gyproc,Compuestos y cintas,80,,$326.02,true,98,87,2026-06-29 13:25:57.825636,[],https://drive.google.com/file/d/1XrSXncqmovw3nk2sAoAe-WSt5MytmZK7/view?usp=drive_link
1730,508,GH1,Fulminante Calibre 22 | Verde 100 Cartuchos,"Cartucho de potencia media (nivel 3) diseñado para herramientas de fijación directa accionadas por pólvora. Proporciona una detonación uniforme y la energía necesaria para clavar pernos de forma segura en concreto de dureza media y mampostería. Es la solución ideal para fijaciones rápidas, confiables y con un estándar de seguridad profesional en obra.",1 día,Fischer,Anclajes químicos y epoxicos,0,, $260.00,false,89,77,2026-06-29 13:25:57.825636,[],
1732,12639,89Z,Cinta métrica larga  |12639,"Cubierta de PVC anti-impacto
3X mayor velocidad de rebobinado
Cinta impresa por ambos lados
Asa desmontable incluida",1 día,Truper,Herramientas,0,,$295.00,false,19,10,2026-06-29 13:25:57.825636,[],
1733,12638,89Z,Cinta métrica larga  |12638,"Cubierta de PVC anti-impacto
3X mayor velocidad de rebobinado
Cinta impresa por ambos lados
Asa desmontable incluida",1 día,Truper,Herramientas,0,,$229,false,14,4,2026-06-29 13:25:57.825636,[],
1734,12640,89Z,Cinta métrica larga  |12640,"Cubierta de PVC anti-impacto
3X mayor velocidad de rebobinado
Cinta impresa por ambos lados
Asa desmontable incluida",1 día,Truper,Herramientas,0,,$475.00,false,10,0,2026-06-29 13:25:57.825636,[],
1736,16740,4SM,"Escalera de tijera tipo III 2 escalones, Truper |16740","Estructura de aluminio
Peldaños antiderrapantes 3"" (8 cm)
Separadores externos para mayor estabilidad
Doble refuerzo en peldaños inferiores para mayor resistencia
*Alcance máximo para una persona de 1.68 m de estatura
Tacones plásticos antiderrapantes
Meseta plástica con ranura para herramientas

Tipo: III
Capacidad de carga: 150 kg
Número de peldaños: 2
Altura: 0.9 m (3')
Alcance máximo*: 2.1 m (7')
Apertura lateral: 0.59 m
Volumen: 0.05 m³
Peso: 3 kg",1 día,Truper,Herramientas,0,,$949.99,false,8,7,2026-06-29 13:25:57.825636,[],
1738,44199,GZQ,"Bolsa con 50 taquetes de plástico 1/4""|1/4.in","Fabricado en polietileno

Anclas que evitan el giro

Cinturones de resistencia y anclas retráctiles de fijación

Ideal para instalaciones a la intemperie por su resistencia a la humedad",1 día,Truper,Tornilleria,100,,$24.00,false,86,5,2026-06-29 13:25:57.825636,[],
1739,44341,8HS,"Bolsa con 100 pijas #6 x 2"" multiusos | 6X2""","Fabricadas en acero con acabado fosfatado negro para mayor protección contra corrosión

Para trabajos en madera, aglomerados y paneles de yeso o tablaroca",1 día,Truper,,100,,$39.00,false,8,6,2026-06-29 13:25:57.825636,[],
174,947518,29,Cempanel Liso |18 MM 1.22 x 2.44 Mts,"Apariencia tipo concreto, las placas de CEMPANEL Liso funcionan en fachadas ofreciendo un estilo vanguardista y elegante, se puede utilizar tanto en exterior como interior y muros decorativos.

Se pueden utilizar en muros exteriores e interiores, fachadas, faldones, plafones muros curvados, cubiertas de azotea e inclusive en entrepisos; disponible en espesores de 4, 6, 8, 10, 12 y 18 mm.",2 a 4 días hábiles,Cempanel,Cempanel,0,,"$1,960.13",false,89,99,2026-06-29 13:25:57.825636,[],
1740,103058,TA3,"Escofina para muros de yeso, 6"" |6""","Cuerpo metálico y cuchilla de acero

Diseñado para usar con una mano

Ideal para desbastar o ajustar cortes en placas de yeso laminado

Acabado fino",1 día,Truper,,100,,$175.00,false,7,0,2026-06-29 13:25:57.825636,[],
1741,13472,BLN,"Lubricante multiusos en aerosol. ""Aflojatodo""| 550ml (19oz)","Super penetrantes
Absorben la humedad
Protegen contra la corrosión
Limpian superficies con polvo, grasa, pegamento
Para la mayoría de los materiales excepto policarbonato y poliestireno
Incluye aplicador para lugares difícil acceso
Incluyen aplicador para lugares de difícil acceso",1 día,Truper,Herramientas,100,,$97.00,false,620,0,2026-06-29 13:25:57.825636,[],
1742,13468,BLN,"Lubricante multiusos en aerosol. ""Aflojatodo""|110ml (4oz)","Super penetrantes
Absorben la humedad
Protegen contra la corrosión
Limpian superficies con polvo, grasa, pegamento
Para la mayoría de los materiales excepto policarbonato y poliestireno
Incluye aplicador para lugares difícil acceso
Incluyen aplicador para lugares de difícil acceso",1 día,Truper,Herramientas,100,,$37.00,false,17,10,2026-06-29 13:25:57.825636,[],
1743,13469,BLN,"Lubricante multiusos en aerosol. ""Aflojatodo""|235ml (8oz)","Super penetrantes
Absorben la humedad
Protegen contra la corrosión
Limpian superficies con polvo, grasa, pegamento
Para la mayoría de los materiales excepto policarbonato y poliestireno
Incluye aplicador para lugares difícil acceso
Incluyen aplicador para lugares de difícil acceso",1 día,Truper,Herramientas,100,,$49.00,false,18,11,2026-06-29 13:25:57.825636,[],
1744,13470,BLN,"Lubricante multiusos en aerosol. ""Aflojatodo""|345ml (12oz)","Super penetrantes
Absorben la humedad
Protegen contra la corrosión
Limpian superficies con polvo, grasa, pegamento
Para la mayoría de los materiales excepto policarbonato y poliestireno
Incluye aplicador para lugares difícil acceso
Incluyen aplicador para lugares de difícil acceso",1 día,Truper,Herramientas,100,,$65.00,false,19,8,2026-06-29 13:25:57.825636,[],
1745,13471,BLN,"Lubricante multiusos en aerosol. ""Aflojatodo""|400ml  (14oz)","Super penetrantes
Absorben la humedad
Protegen contra la corrosión
Limpian superficies con polvo, grasa, pegamento
Para la mayoría de los materiales excepto policarbonato y poliestireno
Incluye aplicador para lugares difícil acceso
Incluyen aplicador para lugares de difícil acceso",1 día,Truper,Herramientas,100,,$72.00,false,20,19,2026-06-29 13:25:57.825636,[],
1746,12500,6P4,"Cinta de aislar | 18 m x 19 mm, negra","Cinta de PVC

Base de adhesivo hule - resina para mayor adherencia en temperaturas frías y de calor (0 °C a 80 °C)

Retardante de flama y excelente flexibilidad",1 día,Truper,,100,,$18.00,false,7,9,2026-06-29 13:25:57.825636,[],
1747,12500-paq,6P4,Cinta de aislar |Paquete de 10 piezas,"Cinta de PVC

Base de adhesivo hule - resina para mayor adherencia en temperaturas frías y de calor (0 °C a 80 °C)

Retardante de flama y excelente flexibilidad",1 día,Truper,,100,,$145.00,false,7,20,2026-06-29 13:25:57.825636,[],
1748,12589,6FE,"Cinta masking tape | 1/2"" x 50 m","Adhesivo de caucho natural con respaldo de papel crepé de larga duración

Remoción limpia hasta por 3 días

Para superficies lisas y rugosas

Uso en interiores, alta capacidad de adherencia

Ideal para enmascarados de pintura, etiquetados y sujeciones en general",1 día,Truper,Herramientas,100,,$24.00,false,17,16,2026-06-29 13:25:57.825636,[],
1749,12589-paq,6FE,"Cinta masking tape |1/2"" x 50 m 6pz",,,Truper,Herramientas,100,,$129.00,false,19,0,2026-06-29 13:25:57.825636,[],
1750,11625,1FB,Lija de agua grano 280 de carburo de silicio |1 pieza,"Longitud 11"" (279.4mm)
Ancho 9"" (228.6)
Grano 280",1 día,Truper,Herramientas,0,,$9.00,false,16,7,2026-06-29 13:25:57.825636,[],
1751,11625-paq,1FB,Lija de agua grano 280 de carburo de silicio |25 piezas,"Longitud 11"" (279.4mm)
Ancho 9"" (228.6)
Grano 280",,Truper,Herramientas,100,,$225.00,false,11,12,2026-06-29 13:25:57.825636,[],
1752,20530,60000,Cinta de para ducto. | 50 m espesor 0.16 mm,"Fabricada de polietileno reforzada con malla de algodón

Adhesivo hot melt",1 día,Truper,,0,,$110.00,false,7,17,2026-06-29 13:25:57.825636,[],
1753,20529,60000,Cinta de para ducto. | Cinta de 30 m 0.16 mm,"Fabricada de polietileno reforzada con malla de algodón

Adhesivo hot melt",1 día,Truper,,0,,$75.00,false,7,0,2026-06-29 13:25:57.825636,[],
1754,751022,6QV,"Clavo con Rondana 2"" | Caja 100 piezas","Clavo para Concreto 2""",1 día,Gram bel,Sistemas de fijacion directa,100,,$206.48,false,85,94,2026-06-29 13:25:57.825636,[],
1755,751023,48E,"Clavo con rondana 3"" | Caja 100 piezas","Clavo con rondana de 3""",1 día,Gram bel,Sistemas de fijacion directa,0,,$257.52,false,85,93,2026-06-29 13:25:57.825636,[],
1756,1886120,CC1,Basecoat Mortex Blanco | 20 Kg,"Como revestimiento base, flexible y de baja permeabilidad sobre muros y plafones en interiores y exteriores, incluyendo fachadas de edificios. En la construcción ligera, como adhesivo para fijar paneles aislantes de poliestireno de alta densidad y como revestimiento de acabado, flexible y de baja permeabilidad.",,Mapei,Compuestos y cintas,0,, $335.82,false,89,10,2026-06-29 13:25:58.002895,[],https://drive.google.com/file/d/1oXboszFE8cQ5LNF5NHDLnJLU1rR77gvl/view?usp=sharing
1757,16720,41I,Pegazulejo Kerabond Porcelanico Gris | 20 kg ,"Adhesivo cementoso de altas prestaciones, mejorado con acrílico y aditivos que le proporcionan tiempo abierto prolongado, para pega de piezas de baja absorción tipo porcelanato, en paredes y pisos tanto en interior como exterior.

 

DATOS TÉCNICOS:

 

-Aspecto: polvo.

 

-Colores: blanco y gris.

 

-Densidad de la mezcla: 1.5 kg/litro.

 

-Duración de la mezcla: aproximadamente 8 horas.

 

-Tiempo abierto: 20 minutos.

 

-Tiempo de espera antes de emboquillar: en paredes de 4 a 8 horas y en pisos 24 horas.

 

-Puesta al servicio: 24 horas después de enchapado.

 

-Aplicación: llana dentada.

 

-Almacenamiento: hasta 6 meses en un lugar fresco y seco en su empaque original cerrado.

 

-Consumo: 6.5 - 7 kg / m², depende del formato de la pieza y tamaño de llana.

 

-Presentación: bolsa de 25 kg.",,Mapei,Adhesivos y nivelantes,0,,$140.65,false,86,11,2026-06-29 13:25:57.825636,[],
1758,22820,GVF,Pegazulejo Kerabond Total Gris | 20 kg,"Adhesivo versátil para pisos y muros, ideal para interiores y exteriores. Perfecto para cerámica, porcelanato, mármol, piedra natural y para pegar piso sobre piso.

Características principales:

Adhesión superior en diversas superficie

Fórmula mejorada con polímeros

Excelente para instalación de piso sobre piso

Certificado ecológico (LEED, EMICODE EC1 Plus)

Aplicaciones:

Pisos residenciales e industriales

Fachadas exteriores

Instalaciones en condiciones adversas (con Isolastic)

Ventajas:
✓ Versatilidad excepcional
✓ Rendimiento mejorado
✓ Compromiso ambiental
✓ Fácil aplicación",1 día,Mapei,Adhesivos y nivelantes,0,,$163.85,false,87,0,2026-06-29 13:25:57.825636,[],
1759,5N10005A,9GN,Boquilla Junteadora Keracolor FF | 100 Blanco 5 kg,"Rellena juntas de hasta 6 mm en pisos y muros con Keracolor FF Blanco de MAPEI. Mortero cementoso modificado con polímeros y tecnología hidrorrepelente DropEffect®. Previene grietas, resiste ácidos y repele agua en cerámicos, porcelanatos y piedras naturales en interiores y exteriores. Excelente trabajabilidad, bajo VOC y máxima durabilidad para tus acabados.",1 día,Mapei,Adhesivos y nivelantes,0,,$262.16,false,85,17,2026-06-29 13:25:57.825636,[],https://drive.google.com/file/d/1Rls4s_UPFI50BBWoPIHCa7UcCuJ560ZI/view?usp=drive_link
1760,5N11205A,9GN,Boquilla Junteadora Keracolor FF | 112 Gris Medio 5 kg,"Rellena juntas de hasta 6 mm en pisos y muros con Keracolor FF Blanco de MAPEI. Mortero cementoso modificado con polímeros y tecnología hidrorrepelente DropEffect®. Previene grietas, resiste ácidos y repele agua en cerámicos, porcelanatos y piedras naturales en interiores y exteriores. Excelente trabajabilidad, bajo VOC y máxima durabilidad para tus acabados.",1 día,Mapei,Adhesivos y nivelantes,0,,$262.16,false,85,17,2026-06-29 13:25:57.825636,[],https://drive.google.com/file/d/1Rls4s_UPFI50BBWoPIHCa7UcCuJ560ZI/view?usp=drive_link
1761,5N14405A,9GN,Boquilla Junteadora Keracolor FF | 144 Chocolate 5 kg,"Rellena juntas de hasta 6 mm en pisos y muros con Keracolor FF Blanco de MAPEI. Mortero cementoso modificado con polímeros y tecnología hidrorrepelente DropEffect®. Previene grietas, resiste ácidos y repele agua en cerámicos, porcelanatos y piedras naturales en interiores y exteriores. Excelente trabajabilidad, bajo VOC y máxima durabilidad para tus acabados.",1 día,Mapei,Adhesivos y nivelantes,0,,$262.16,false,85,17,2026-06-29 13:25:57.825636,[],https://drive.google.com/file/d/1Rls4s_UPFI50BBWoPIHCa7UcCuJ560ZI/view?usp=drive_link
1762,1181809,BZM,Mortero para Concreto Tilt Finish | 9.07 kg,"Tilt Finish es un material versátil de fraguado rápido, modificado con
polímeros, que usa una mezcla patentada de cementos y aditivos. Es ideal para producir un acabado liso sobre superficies de concreto, incluyendo construcciones de muros inclinados, concreto vertido en el sitio, mampostería, y vigas y columnas preformadas. Tilt Finish es de fácil instalación, con una proporción de agua variable y buena moldeabilidad. Se puede aplicar en capas muy delgadas hasta un espesor de 12 mm (1/2 de pulgada) en áreas confinadas. Tilt Finish es ideal para cubrir imperfecciones de superficies de concreto, proporcionando un aspecto uniforme y de color gris claro, así como
una superficie lisa antes de pintar o aplicar recubrimientos.",1 día,Mapei,Adhesivos y nivelantes,0,,$525.48,false,82,0,2026-06-29 13:25:57.825636,[],
1763,102705,J18,Juego de 5 brocas para concreto. |102705,"Cuerpo de acero al cromo que ofrece mayor resistencia al calentamiento

Punta de carburo de tungsteno

Zanco redondo

Para rotomartillos (compatible con la mayoría de broqueros de mordaza)",1 día,Truper,Herramientas,0,,$85.00,false,26,11,2026-06-29 13:25:57.825636,[],
1764,11623,U2L,Lija de agua grano 220 de carburo de silicio |1 pieza,"Fabricada en carburo de silicio
• Alta remoción con menor esfuerzo
• Respaldo flexible de papel impermeable antideslizante
de larga duración
• Lijado en húmedo que evita el tapado prematuro
• Ideal para plástico, vidrio, metal no ferroso, lacas y
pintura
• Para trabajos en seco
• Acabado homogéneo",1 día,Truper,Herramientas,0,,$11.00,false,12,0,2026-06-29 13:25:57.825636,[],
1765,11623-paq,U2L,Lija de agua grano 220 de carburo de silicio |25 piezas,"Fabricada en carburo de silicio
• Alta remoción con menor esfuerzo
• Respaldo flexible de papel impermeable antideslizante
de larga duración
• Lijado en húmedo que evita el tapado prematuro
• Ideal para plástico, vidrio, metal no ferroso, lacas y
pintura
• Para trabajos en seco
• Acabado homogéneo",,Truper,Herramientas,0,,$179.00,false,12,0,2026-06-29 13:25:57.825636,[],
1766,101820,B3U,"Juego de 5 brocas multimaterial, Truper |5 brocas","Cuerpo de acero

Punta multiángulo de carburo de tungsteno 2X más rápida que la punta estándar

Flauta en ""U"" para desalojo más eficiente

Para todo tipo de materiales ligeros",1 día,Truper,Herramientas,0,,$250.00,false,12,0,2026-06-29 13:25:57.825636,[],
1767,507,00O,Fulminante Calibre 27 | Verde Tira 10x10,"Cartuchos Industriales o fulminantes para fijaciones de alta velocidad, repetitivas y de gran volumen.

Calibre: 27 
Color:Rojo
Cartucho en tira de 10 disparos con nivel de potencia media (nivel 3), diseñado para herramientas semiautomáticas de fijación directa accionadas por pólvora. Proporciona la energía exacta para clavar pernos de manera segura y eficiente en concreto de dureza media y mampostería, permitiendo un ritmo de trabajo rápido, continuo y altamente productivo en obra.",,Fischer,Anclajes químicos y epoxicos,100,, $260.00,false,86,76,2026-06-29 13:25:57.825636,[],
1768,15083,JAP,"Patín traspaleta 3 ton con ruedas de nylon, Truper | 3 ton","Construcción ultra reforzada con ruedas delanteras y rodillos traseros fabricados de nylon (duras)

Elevación máxima 190 mm

Altura mínima de uñas 80 mm

No rayan pisos o superficies

Sistema Tandem para mayor estabilidad",1 día,Truper,Herramientas,0,,"$10,250.00",false,12,0,2026-06-29 13:25:57.825636,[],
1769,22627,JZ4,"Pinza de punta y corte 8"" mango de PVC, | 22627","Fabricada en acero al carbono

Mango cubierto de PVC antiderrapante

Cuchillas afiladas para cortes rápidos y precisos",1 día,Truper,Herramientas,0,,$88.00,false,625,1,2026-06-29 13:25:57.825636,[],
1770,19710,G16,"Martillo 16 oz uña curva, mango fibra de vidrio, Truper |19710","Cabeza forjada en acero, cara totalmente pulida y alojamiento imantado para clavos

Mango de fibra de vidrio con Grip antiderrapante de doble inyección que reduce vibraciones

Ideal para clavar o extraer clavos",1 día,Truper,Herramientas,0,,$179.00,false,10,0,2026-06-29 13:25:57.825636,[],
1771,SPO1N65C,1WJ,Sellador Duretán Salchicha 600ml Pennsylvania  |Caja con 20 piezas Negro 600ml,,,Pennsylvania,Sellado,0,,"$3,377.15",false,89,98,2026-06-29 13:25:57.825636,[],
1772,SPO1N66C,1WJ,Sellador Duretán Salchicha 600ml Pennsylvania  |Caja con 20 piezas Gris 600ml,,,Pennsylvania,Sellado,0,,"$3,377.15",false,89,98,2026-06-29 13:25:57.825636,[],
1773,SPO1B65C,1WJ,Sellador Duretán Salchicha 600ml Pennsylvania  |Caja con 20 piezas Blanco 600ml,,,Pennsylvania,Sellado,0,,"$3,377.15",false,89,98,2026-06-29 13:25:57.825636,[],
1774,SSI10B30,MXG,Pens Policarbonato Pennsylvania |Cartucho Blanco 300ml,,,Pennsylvania,Sellado,0,,$143.61,false,62,77,2026-06-29 13:25:57.825636,[],
1775,PTLS2,MD8,Plafon Tipo Texturizado  |.61x 61,"Plafon Termoacustico Importado Lana Mineral .61 x .61 Mts 

Marca:Dipemsa 
Caja con 10 piezas 
Medidas: .61 x .61 Mts  
Peso: 15 kg/Caja",1 día,Dipemsa,Plafones y suspension,0,,"$1,220.00",false,86,96,2026-06-29 13:25:57.825636,[],
1776,PDTL1.22,75C,Plafón Tipo Liso Dipemsa|.61 x 1.22 mts,"Plafon Termoacustico Importado Lana Mineral .61 x .1.11 Mts 

Marca:Dipemsa 
Caja con 10 piezas 
Medidas: .61 x .61 Mts  
Peso: 15 kg/Caja",,Dipemsa,Plafones y suspension,0,,"$1,745.10",false,87,97,2026-06-29 13:25:57.825636,[],
1777,SSI10B30,MXG,Pens Policarbonato Pennsylvania | Caja con 25 piezas Blanco 300ml,,,Pennsylvania,Sellado,0,,"$3,127.89",false,62,77,2026-06-29 13:25:57.825636,[],
1778,M00354233,WR2,RD + MIX PLAKA |Caja de 28 kg,"Compuesto pre-mezclado a base de vidrio listo para aplicarse en el tratamiento de juntas en placas de yeso.
Color: Blanco
Secado final:24 hrs",1 día,Gyproc,Compuestos y cintas,0,,$488.86,false,81,92,2026-06-29 13:25:57.825636,[],https://drive.google.com/file/d/1Bsfa4osCXJ4XSs9dVN6o24r5qpj4lWat/view?usp=drive_link
1779,SSI10N30,MXG,Pens Policarbonato Pennsylvania |Cartucho Negro 300ml,,,Pennsylvania,Sellado,0,,$143.61,false,62,77,2026-06-29 13:25:57.825636,[],
1780,SSI10N30,MXG,Pens Policarbonato Pennsylvania |Caja con 25 piezas Negro 300ml,,,Pennsylvania,Sellado,0,,$3127.89,false,62,77,2026-06-29 13:25:57.825636,[],
1781,5N14305A,9GN,Boquilla Junteadora Keracolor FF | 143 Terracota 5 kg,"Rellena juntas de hasta 6 mm en pisos y muros con Keracolor FF Blanco de MAPEI. Mortero cementoso modificado con polímeros y tecnología hidrorrepelente DropEffect®. Previene grietas, resiste ácidos y repele agua en cerámicos, porcelanatos y piedras naturales en interiores y exteriores. Excelente trabajabilidad, bajo VOC y máxima durabilidad para tus acabados.",1 día,Mapei,Adhesivos y nivelantes,0,,$262.16,false,85,17,2026-06-29 13:25:57.825636,[],https://drive.google.com/file/d/1Rls4s_UPFI50BBWoPIHCa7UcCuJ560ZI/view?usp=drive_link
1782,5N14105A,9GN,Boquilla Junteadora Keracolor FF | 141 Caramelo 5 kg,"Rellena juntas de hasta 6 mm en pisos y muros con Keracolor FF Blanco de MAPEI. Mortero cementoso modificado con polímeros y tecnología hidrorrepelente DropEffect®. Previene grietas, resiste ácidos y repele agua en cerámicos, porcelanatos y piedras naturales en interiores y exteriores. Excelente trabajabilidad, bajo VOC y máxima durabilidad para tus acabados.",1 día,Mapei,Adhesivos y nivelantes,0,,$262.16,false,85,17,2026-06-29 13:25:57.825636,[],https://drive.google.com/file/d/1Rls4s_UPFI50BBWoPIHCa7UcCuJ560ZI/view?usp=drive_link
1783,5N13605A,9GN,Boquilla Junteadora Keracolor FF | 136 Barro 5 kg,"Rellena juntas de hasta 6 mm en pisos y muros con Keracolor FF Blanco de MAPEI. Mortero cementoso modificado con polímeros y tecnología hidrorrepelente DropEffect®. Previene grietas, resiste ácidos y repele agua en cerámicos, porcelanatos y piedras naturales en interiores y exteriores. Excelente trabajabilidad, bajo VOC y máxima durabilidad para tus acabados.",1 día,Mapei,Adhesivos y nivelantes,0,,$262.16,false,85,17,2026-06-29 13:25:57.825636,[],https://drive.google.com/file/d/1Rls4s_UPFI50BBWoPIHCa7UcCuJ560ZI/view?usp=drive_link
179,947837,29,Cempanel Liso |6 MM 1.22 x 2.44 Mts,"Apariencia tipo concreto, las placas de CEMPANEL Liso funcionan en fachadas ofreciendo un estilo vanguardista y elegante, se puede utilizar tanto en exterior como interior y muros decorativos.

Se pueden utilizar en muros exteriores e interiores, fachadas, faldones, plafones muros curvados, cubiertas de azotea e inclusive en entrepisos; disponible en espesores de 4, 6, 8, 10, 12 y 18 mm.",2 a 4 dias habiles,Cempanel,Cempanel,0,,$651.14,false,89,99,2026-06-29 13:25:57.825636,[],
1800,M00680248,,M2 Tech Saint Gobain | 1.22m x 2.44m,"1/2"" 1.22x2.44 Mts. Las placas de yeso M2Tech® optimizan la resistencia al moho y la humedad en cielorrasos y muros interiores. Su estructura combina un núcleo no combustible y resistente a la humedad con un recubrimiento de papel 100 % reciclado en tono azul grisáceo, tratado contra hongos y humedad. Para proyectos que exigen seguridad contra incendios, la variante M2Tech tipo X suma un núcleo especialmente formulado para cumplir con las clasificaciones de resistencia al fuego en sistemas constructivos probados. ",,Gyproc,Tablaroca y durock,0,,$254.99 ,true,95,95,2026-06-29 13:25:57.825636,"[""1778"", ""498"", ""117"", ""1805"", ""771"", ""220""]",https://drive.google.com/file/d/1qryGUi5KXv1xI-rMju2uJF_IHduYWmh8/view?usp=drive_link
1801,FR1/2,,Fire Panel Rey | 1.22m x 2.44m,"El panel de yeso Resistente al Fuego Tipo C de Panel Rey® cuenta con un núcleo incombustible de yeso sin asbesto, reforzado con aditivos especiales y fibras de alta temperatura que superan el rendimiento de un RF tradicional. Está protegido por ambos lados con papel 100% reciclado que envuelve sus orillas biseladas para mayor fortaleza, presenta extremos esmerilados en corte cuadrado y se comercializa en diversas longitudes con espesores de 1/2” y 5/8”.",,Panel Rey,Tablaroca y durock,0,,$259.28,false,92,100,2026-06-29 13:25:58.002895,"[""515"", ""498"", ""117"", ""1805"", ""771"", ""220""]",https://drive.google.com/file/d/1gxXZ04RFrDFAyFO2s4wYHXat9OoG7yp3/view?usp=drive_link
1802,M00354236,,TipeX Saint Gobain | 1.22m x 2.44m,"Protege tus espacios con los paneles de yeso Tipo X de CertainTeed. Diseñados para interiores, cuentan con un núcleo incombustible especialmente formulado para ofrecer una alta resistencia al fuego en sistemas certificados. Su acabado incluye un frente de papel color marfil y un reverso altamente resistente, combinando seguridad y estética en un solo producto.",,Gyproc,Tablaroca y durock,0,,$301.76,true,85,149,2026-06-29 13:25:58.002895,"[""1778"", ""117"", ""498"", ""1805"", ""771"", ""220""]",https://drive.google.com/file/d/1gK-tld4WND1U3UcLzB9C-sRIRJZqFQ0h/view?usp=drive_link
1803,M00629891,,Basecoat Webertherm  |  20 kg,"Mortero flexible de alto desempeño, formulado a base de cemento, agregados minerales de granulometría controlada, fibras y polímeros avanzados. Su fórmula especial garantiza una máxima adherencia y una resistencia excepcional.
Es la solución ideal como capa base (base coat) niveladora y como mortero adhesivo de alta fijación para paneles de EPS (poliestireno expandido)",,Gyproc,Compuestos y cintas,0,,$453.99,true,91,91,2026-06-29 13:25:58.002895,[],https://drive.google.com/file/d/1AlDDBk89Eu00Zt0GpBbunMy9w1bdtJdP/view?usp=drive_link
1804,1887525,,Estuco para Muros Blanco Fino | Stucco FF 25 kg,"Mortex Stucco FF es un innovador estuco base cemento 3 en 1 diseñado para optimizar procesos y elevar la calidad de los acabados tanto en interiores como en exteriores. Gracias a su sistema One Coat, permite repellar, afinar y sellar en una sola aplicación sobre muros nuevos de cemento, bloques, ladrillos o concreto, reduciendo los tiempos de trabajo y simplificando la ejecución en obra. Este producto, disponible en color blanco y en presentación de 40 kg, destaca por su excelente adherencia, acabado fino y baja permeabilidad, ofreciendo superficies suaves, duraderas y protegidas contra la humedad para proyectos que exigen eficiencia, estética y calidad profesional.",,Mapei,Compuestos y cintas,0,,$136.30 ,false,87,90,2026-06-29 13:25:58.002895,[],https://drive.google.com/file/d/1nho5FT00Ap2JjAkj9R8oSqBknb90HySk/view?usp=sharing
1805,M00617838,,Cinta de Papel Saint Gobain | .5m x 76.2m,"Esta cinta de papel reforzada es la solución ideal para reforzar y ocultar las juntas de hojas de yeso en muros y plafones interiores, así como para reparar o resanar agrietamientos y perforaciones de hasta 5 cm de diámetro. Diseñada especialmente para esquinas gracias a su pliegue central, cuenta con una superficie pulida de fibra de alta resistencia que asegura una adhesión superior y un acabado impecable en cada aplicación.",,Gyproc,Compuestos y cintas,0,,$81.39 ,true,85,88,2026-06-29 13:25:58.002895,[],https://drive.google.com/file/d/1XVIar-Lpkt-COaDmK4Fjjk3M1h3LU27Q/view?usp=sharing
1806,101010,MAFV,Malla Autoadherible Fibra de Vidrio |  .10m x 45m,"La malla autoadherible de fibra de vidrio es un refuerzo de alta resistencia para juntas en construcción ligera (panel de yeso y cemento); su reverso adhesivo agiliza la instalación y elimina burbujas, mientras que su flexibilidad previene grietas para garantizar acabados perfectos y duraderos.",,Dipemsa,Compuestos y cintas,0,,$105.00 ,false,84,87,2026-06-29 13:25:58.002895,[],https://drive.google.com/file/d/1NimrAJzw_o9ZMOS_qk23T0zW90j7TnjJ/view?usp=sharing
1807,CMA9247,MAFV,Malla Autoadherible Fibra de Vidrio | .92m x 46m,"La malla autoadherible de fibra de vidrio es un refuerzo de alta resistencia para juntas en construcción ligera (panel de yeso y cemento); su reverso adhesivo agiliza la instalación y elimina burbujas, mientras que su flexibilidad previene grietas para garantizar acabados perfectos y duraderos.",,Dipemsa,Compuestos y cintas,0,,$781.26 ,false,83,86,2026-06-29 13:25:58.002895,[],https://drive.google.com/file/d/1NimrAJzw_o9ZMOS_qk23T0zW90j7TnjJ/view?usp=sharing
1808,2811500003,,Adhesivo Glasliner Base Solvente |  Superficies Lisas 18 L,"Adhesivo base aceite formulado específicamente para la instalación de paneles de fibra de vidrio para muros (FRP o Glasliner) sobre superficies de triplay, metal, acero y/o madera. Rendimiento: 1.2 m2 por litro.",1 a 2 días hábiles,Glasliner,Glasliner,0,," $3,872.23",false,82,82,2026-06-29 13:25:58.002895,[],https://drive.google.com/file/d/1hqIO5yxfq3SgOxuYo8mK7gJolV9zxHmB/view?usp=sharing
1809,2800003402,,"Taquete de Nylon Glasliner | 1/2"" x 3/4"" (Pieza)","Remache plástico de alta densidad diseñado para fijar de forma firme y hermética la instalación de paneles y rollos de fibra de vidrio para muros (FRP o Glasliner).
Revestimiento lavable, garantiza un acabado higiénico y libre de bacterias, ideal para clínicas, hospitales, laboratorios, cámaras frigoríficas, plantas procesadoras de alimentos, plantas químicas, mataderos, supermercados y restaurantes.",1 a 2 días hábiles,Glasliner,Glasliner,0,,$8.22 ,false,81,81,2026-06-29 13:25:58.002895,[],https://drive.google.com/file/d/1hqIO5yxfq3SgOxuYo8mK7gJolV9zxHmB/view?usp=sharing
1810,3SRT00245,R20,RTV 200 Alimenticio | Transparente 300 ml,"Silicón monocomponente de curado acético ideal para áreas de procesamiento y almacenamiento de alimentos. Al curar, este sellador impermeable forma una junta flexible y de alta durabilidad con propiedades de grado sanitario, garantizando la máxima higiene, resistencia a la humedad y cumplimiento de normas de inocuidad en cocinas industriales y cámaras frigoríficas.",,Pennsylvania,Sellado,0,,$102.83 ,false,63,87,2026-06-29 13:25:57.825636,[],
1811,3SRT00244,R20,RTV 200 Alimenticio | Blanco 300 ml,"Silicón monocomponente de curado acético ideal para áreas de procesamiento y almacenamiento de alimentos. Al curar, este sellador impermeable forma una junta flexible y de alta durabilidad con propiedades de grado sanitario, garantizando la máxima higiene, resistencia a la humedad y cumplimiento de normas de inocuidad en cocinas industriales y cámaras frigoríficas.",,Pennsylvania,Sellado,0,,$102.83 ,false,63,87,2026-06-29 13:25:57.825636,[],
1812,SSI11A30,ALUMI,Alumipanel | Aluminio 300 ml,"Este sellador de silicón de curado neutro está diseñado para el sellado de juntas en paneles compuestos de aluminio o porcelanizados, garantizando una máxima resistencia a la intemperie. Por su alta durabilidad, es ideal para fachadas de paneles metálicos (porcelanizados o con pintura poliéster) y como sello perimetral en ventanas de aluminio.",,Pennsylvania,Sellado,0,,$164.89,false,59,76,2026-06-29 13:25:57.825636,[],
1813,3SSI00251,ALUMI,Alumipanel | Negro 300 ml,"Este sellador de silicón de curado neutro está diseñado para el sellado de juntas en paneles compuestos de aluminio o porcelanizados, garantizando una máxima resistencia a la intemperie. Por su alta durabilidad, es ideal para fachadas de paneles metálicos (porcelanizados o con pintura poliéster) y como sello perimetral en ventanas de aluminio.",,Pennsylvania,Sellado,0,,$171.15,false,58,76,2026-06-29 13:25:57.825636,[],
1814,3CPA00053                                                                                           ,,"Cinta Norton Negro | 1/8"" x 1/2"" x 30m","Ideal para el sellado hermético, aislamiento térmico, ventanas y construcción. Su espuma adhesiva de celda cerrada ofrece una barrera impermeable de alta durabilidad que evita fugas de aire, filtra la humedad y reduce el ruido en uniones mecánicas y estructurales.",,Pennsylvania,Sellado,0,,$380.42,false,56,71,2026-06-29 13:25:57.825636,[],
1816,41902,,Tamiz FIS H K | 16 x 85 K,"Accesorio indispensable para anclajes químicos en ladrillo perforado y mampostería. Su diseño de rejilla optimiza la dosificación del mortero de inyección, garantizando una fijación firme y segura mientras reduce el desperdicio de resina. Además, sus púas integradas facilitan la instalación en techos o muros al evitar que la pieza se mueva.",1 día,Fischer,Anclajes químicos y epoxicos,0,, $24.28,false,70,70,2026-06-29 13:25:58.002895,[],
1817,567792,,Bomba de aire | Manual para barrenos,"Herramienta manual indispensable para la limpieza profunda de perforaciones antes de realizar anclajes químicos o mecánicos. Alta capacidad de soplado, elimina eficazmente el polvo y los residuos del fondo del barreno, garantizando la máxima adherencia y seguridad en la fijación. ",1 día,Fischer,Anclajes químicos y epoxicos,0,, $746.84,false,69,69,2026-06-29 13:25:58.002895,[],
1818,58000,,Pistola Fis AM | Inyección,"Aplicador profesional de alta resistencia diseñado para una dosificación fluida y sin esfuerzo de cartuchos bicomponentes de anclaje químico. Su robusto mecanismo manual maximiza la transmisión de fuerza, asegurando una inyección constante y uniforme incluso con resinas de alta viscosidad.",1 día,Fischer,Anclajes químicos y epoxicos,0,,"$1,228.67",false,68,68,2026-06-29 13:25:58.002895,[],
1819,DPMI511,,Dispensador para Mortero de Inyección DMS PRO | Manual,"Aplicador profesional para cartuchos bicomponentes de 10, 13 y 20 onzas. Fabricada con plástico reforzado con fibra de vidrio, soporta las condiciones más extremas en obra. Su diseño ergonómico reduce drásticamente la fatiga del operario y acelera la instalación, ofreciendo un sistema perfectamente integrado al usarse con morteros de inyección compatibles.",1 día,Fischer,Anclajes químicos y epoxicos,0,," $2,710.29",false,67,81,2026-06-29 13:25:58.002895,[],
1820,YAPI34Y,LIS,Pistola Media Caña | Calafateadora Lisa,"Aplica selladores y silicones de forma continua y sin esfuerzo. Su vástago de barra lisa y sistema antigoteo garantizan un flujo suave y preciso para cartuchos de hasta 300 ml. Fabricada en metal de alta resistencia con diseño tipo esqueleto ligero, es la herramienta perfecta para acabados limpios en juntas, ventanas y baños. ¡Logra un sellado profesional!",1 día hábil,Pennsylvania,Sellado,0,,$94.64,false,70,70,2026-06-29 13:25:57.825636,[],
1821,YAPI31Y,DENT,Pistola Media Caña | Calafateadora Dentada,"La herramienta esencial para aplicaciones precisas de selladores y adhesivos. Su robusto vástago dentado y cuerpo tipo esqueleto aseguran un flujo controlado y uniforme para cartuchos estándar de 300 ml. Ideal para proyectos de mantenimiento, construcción y acabados profesionales. Logra sellados perfectos en silicón, acrílicos y poliuretanos con la calidad y resistencia Pennsylvania.",1 día hábil,Pennsylvania,Sellado,0,,$97.87,false,69,70,2026-06-29 13:25:57.825636,[],
1822,M00618184,,Acustik | 12mm 1.20m x 2.40m,"Panel de yeso multiperforado con un sofisticado textil al reverso diseñado exclusivamente para el control acústico. Cuenta con bordes cuadrados en sus cuatro cantos y combina materiales de alta calidad con innovación tecnológica, logrando el equilibrio perfecto entre un aislamiento sonoro avanzado y un alto valor estético para cualquier proyecto.",,Gyproc,Tablaroca y durock,0,,"$1,457.60",true,85,90,2026-06-29 13:25:58.002895,[],https://drive.google.com/file/d/1uZpG2W6j9Jk-chPT5Ldiq8fQYpWp0UN3/view?usp=drive_link
1823,ERBP29,,Esquinero Recto de Papel | 2.44m,"Accesorio papel-metálico de alto desempeño para acabados superiores de 90° en muros y plafones interiores. Su diseño innovador permite una instalación rápida y limpia sin tornillos ni clavos, reduciendo tiempos de obra. Ideal para esquinas muy expuestas; brinda una excelente resistencia a impactos y evita agrietamientos o despostillamientos.",,Usg,,0,,$157.39,false,3,82,2026-06-29 13:25:57.825636,[],
1824,536772,ACRIL,Sellador de acrilico DA | Blanco 310ml,"Sellador de alta calidad a base de agua, ideal para reparar grietas, juntas de conexión con bajo movimiento y marcos de puertas o ventanas en interiores. Su fórmula inodora facilita una aplicación limpia, rápida y segura en espacios cerrados. Es un producto altamente pintable y lijable, perfecto para lograr acabados uniformes y profesionales en muros de mampostería, yeso o concreto.",1 día hábil,Fischer,,0,, $40.54,false,16,84,2026-06-29 13:25:58.002895,[],
1825,536773,ACRIL,Sellador de acrilico DA | Negro 310ml,"Sellador de alta calidad a base de agua, ideal para reparar grietas, juntas de conexión con bajo movimiento y marcos de puertas o ventanas en interiores. Su fórmula inodora facilita una aplicación limpia, rápida y segura en espacios cerrados. Es un producto altamente pintable y lijable, perfecto para lograr acabados uniformes y profesionales en muros de mampostería, yeso o concreto.",1 día hábil,Fischer,,0,, $40.54,false,16,84,2026-06-29 13:25:58.002895,[],
1826,618608,SILI,Silicona DMS | Blanco 280ml,"Multisilicona a base de acetato con propiedades fungicidas que previenen el moho, garantizando juntas limpias a largo plazo. Gracias a su elasticidad del 25%, es ideal para sellar acristalamientos, renovar instalaciones sanitarias y rellenar juntas de dilatación o conexión tanto en interiores como en exteriores. La solución perfecta para un sellado elástico, higiénico y duradero.",,Fischer,,0,, $68.89,false,16,83,2026-06-29 13:25:58.002895,[],
1827,535790,SILI,Silicona DMS | Negro 280ml,"Multisilicona a base de acetato con propiedades fungicidas que previenen el moho, garantizando juntas limpias a largo plazo. Gracias a su elasticidad del 25%, es ideal para sellar acristalamientos, renovar instalaciones sanitarias y rellenar juntas de dilatación o conexión tanto en interiores como en exteriores. La solución perfecta para un sellado elástico, higiénico y duradero.",,Fischer,,0,, $73.85,false,16,83,2026-06-29 13:25:58.002895,[],
1828,618607,SILI,Silicona DMS | Transparente 280ml,"Multisilicona a base de acetato con propiedades fungicidas que previenen el moho, garantizando juntas limpias a largo plazo. Gracias a su elasticidad del 25%, es ideal para sellar acristalamientos, renovar instalaciones sanitarias y rellenar juntas de dilatación o conexión tanto en interiores como en exteriores. La solución perfecta para un sellado elástico, higiénico y duradero.",,Fischer,,0,, $68.89,false,16,83,2026-06-29 13:25:58.002895,[],
1829,53115,CALAFE,Pistola calafateadora | KPM 1 ,"Aplicador manual de diseño robusto, ideal para una dosificación precisa y constante de selladores, siliconas y adhesivos en cartucho de hasta 310 ml. Su mecanismo de empuje de alta eficiencia reduce el esfuerzo del usuario en trabajos de construcción, remodelación o mantenimiento. Es la herramienta perfecta para lograr juntas uniformes, limpias y profesionales con total facilidad.",1 a 2 días hábiles.,Fischer,,0,, $180.76,false,88,82,2026-06-29 13:25:58.002895,[],
1830,53117,CALAFE,Pistola calafateadora | KPM 2 Plus,"Aplicador manual de calidad profesional diseñado para la extrusión fluida y constante de cartuchos estándar de hasta 310 ml. Su estructura robusta y relación de transmisión optimizada reducen significativamente el esfuerzo físico en aplicaciones continuas de selladores, siliconas y anclajes químicos de viscosidad media. Ideal para un trabajo limpio, preciso y de larga duración.",1 a 2 días hábiles.,Fischer,,0,, $566.31,false,88,82,2026-06-29 13:25:58.002895,[],
1831,FIS-DM-1600S,,Dispensador FIS DM S-L | 585 ml,"Aplicador manual profesional diseñado para inyectar cartuchos de gran capacidad de forma rápida y sin esfuerzo. Su avanzado sistema de transmisión de fuerza amplia y uniforme garantiza un trabajo continuo libre de fatiga. Cuenta con un soporte con protección anticaídas que asegura una sujeción firme del cartucho, ideal para anclajes químicos en obras exigentes.",,Fischer,Anclajes químicos y epoxicos,0,," $4,818.30",false,88,80,2026-06-29 13:25:58.002895,[],
1832,510000,,Fijador Power Drive F35 | Herramienta,"Dispositivo de fijación seguro para clavar pernos en concreto, acero y ladrillo macizo sin clavado previo (hasta 62 mm). Cuenta con regulación de potencia de 6 niveles, 3 opciones de cartuchos y bajo mantenimiento para reducir tiempos de inactividad. Es la herramienta flexible y de elevado rendimiento ideal para montajes profesionales rápidos y exigentes en obra.",,Fischer,Anclajes químicos y epoxicos,0,," $7,636.45",false,88,79,2026-06-29 13:25:58.002895,[],
1833,SHI8GH65,,Pens Prefabricados Salchicha | 600ml Gris,"Sellador elástico de poliuretano diseñado especialmente para juntas de dilatación y unión en elementos prefabricados, fachadas y concreto. Su presentación en salchicha de 600 ml ofrece un rendimiento óptimo y reduce el desperdicio. Ofrece una excelente adherencia, alta resistencia a la intemperie y flexibilidad duradera en la construcción.",1 día hábil,Pennsylvania,Sellado,0,,$352.26,false,90,86,2026-06-29 13:25:57.825636,[],
1834,YAPI32Y,,Pistola Calafateadora | Giratoria,"Herramienta de alta gama con cuerpo giratorio de 360° que permite un calafateo continuo en esquinas, curvas y espacios difíciles. Diseñada para cartuchos estándar de 300 ml, su mecanismo reforzado asegura un empuje suave y uniforme de silicones, acrílicos y poliuretanos. Ideal para instaladores que exigen acabados impecables con total comodidad.",1 día hábil,Pennsylvania,Sellado,0,,$247.53,false,90,69,2026-06-29 13:25:57.825636,[],
1836,PFGB350PRO,,Pistola de Fijación GB350 PRO | Regulador de Potencia,"Herramienta profesional de fijación directa accionada por pólvora, diseñada para trabajos semi-pesados en concreto, lámina y estructuras metálicas. Cuenta con un cañón reforzado de 8 mm compatible con clavos de hasta 3 pulgadas, un sistema de regulación de potencia PRO de gran precisión y silenciador de ruido integrado. Utiliza fulminantes calibre .27 en tira de 10 disparos, lo que garantiza una alta productividad y máxima ergonomía en jornadas prolongadas de construcción y montaje ligero.",1 día hábil,Gram bel,,0,,"$4,282.72",false,90,83,2026-06-29 13:25:57.825636,[],
1837,M00354202,,"Aislatech R8 Frescasa | 2.5"" .61m x 15.24m","Aislamiento termoacústico de lana de vidrio ideal para muros y plafones. Su factor R8 garantiza un excelente control de temperatura y reducción de ruido en proyectos residenciales o comerciales. Presentado en un práctico rollo de fácil instalación, optimiza el ahorro de energía y mejora el confort interior con la máxima calidad y durabilidad de Gyproc.",1 día,Gyproc,Aislantes,0,, $656.44,true,77,77,2026-06-29 13:25:57.825636,[],https://drive.google.com/file/d/1nyaLphIX0ZuWbqL4t6zXELq-g3yArA9V/view?usp=sharing
1838,FOA1,FOAM,"Foamular F250 | 1"" 1.22m x 2.44m ","Placa de poliestireno extruido (R-5) que reduce hasta un 30% el consumo eléctrico. Ideal para muros y losas en viviendas y comercios; no absorbe humedad, es no tóxico y soporta 17.5 t/m² de compresión. Su fórmula con retardante al fuego e instalación apta para pintura base agua garantizan espacios seguros, frescos en verano y cálidos en invierno.",1 día,Owens Corning,Aislantes,0,, $542.88,false,66,66,2026-06-29 13:25:57.825636,[],https://drive.google.com/file/d/1fURHJXk4hDY9wDwPJVQm8fPdGgddVUO6/view?usp=sharing
1839,FOA1.5,FOAM,"Foamular F250 | 1.5"" 1.22m x 2.44m ","Espesor intermedio (R-7.5) que frena el paso del frío y calor, ahorrando hasta 30% de luz. Este panel de poliestireno extruido es impermeable, no tóxico, retardante al fuego y soporta paso peatonal (17.5 t/m² de compresión). Es perfecto para interiores o exteriores de losas y muros en proyectos comerciales, residenciales y de salud.",1 día,Owens Corning,Aislantes,0,, $736.99,false,55,55,2026-06-29 13:25:57.825636,[],https://drive.google.com/file/d/1fURHJXk4hDY9wDwPJVQm8fPdGgddVUO6/view?usp=sharing
184,947715,29,Cempanel Liso |8 MM 1.22 x 2.44 Mts,"Apariencia tipo concreto, las placas de CEMPANEL Liso funcionan en fachadas ofreciendo un estilo vanguardista y elegante, se puede utilizar tanto en exterior como interior y muros decorativos.

Se pueden utilizar en muros exteriores e interiores, fachadas, faldones, plafones muros curvados, cubiertas de azotea e inclusive en entrepisos; disponible en espesores de 4, 6, 8, 10, 12 y 18 mm.",2 a 4 dias habiles,Cempanel,Cempanel,100,,$858.52,false,89,99,2026-06-29 13:25:57.825636,[],
1840,FOA2,FOAM,"Foamular F250 | 2"" 1.22m x 2.44m ","Máximo aislamiento de poliestireno extruido (R-10) para un ahorro de energía de hasta el 30%. Con resistencia a la compresión de 17.5 t/m² (apto para paso peatonal), es ideal para losas y muros en hoteles, hospitales y comercios. No absorbe humedad, es incombustible, libre de toxinas y compatible con pintura base agua. Confort total todo el año.",1 día,Owens Corning,Aislantes,0,," $1,029.50",false,44,44,2026-06-29 13:25:57.825636,[],https://drive.google.com/file/d/1fURHJXk4hDY9wDwPJVQm8fPdGgddVUO6/view?usp=sharing
1841,567477,,Clavadora Eléctrica por Batería FXC 85  | Incluye accesorios,"Clavadora a batería Fischer FXC 85 de 18V para fijaciones rápidas y fáciles en concreto y acero. Ofrece 85 Joules de energía de ajuste con funcionamiento 100% inalámbrico y sin cápsulas de gas, reduciendo costos de mantenimiento y transporte. Batería Bosch compatible con el sistema AMPShare. Opera de -5°C a +50°C. Máxima eficiencia para uso profesional.",1 día hábil,Fischer,Sistemas de fijacion directa,0,,"$24,013.04",false,81,57,2026-06-29 13:25:58.002895,[],https://drive.google.com/file/d/1JTnSZyd5nWaJs1sXoevwN4hNtPo6Mfeg/view?usp=sharing
1842,RUSG16,,Redimix | 1.6Kg,"El Compuesto Multiusos para Juntas Marca Redimix® se usa para embeber cinta de papel para juntas, acabar juntas de paneles de yeso y aplicar texturas sencillas a mano. También es ideal para aplicar la última capa en superficies de paneles de yeso y para laminar y reparar grietas en yeso interior y mampostería no expuesta a humedad. De consistencia cremosa, tersa y libre de asbestos, la formulación de USG proporciona al producto excelentes cualidades de trabajo como el deslizamiento y adherencia sobre el tablero de yeso. Puede ser utilizada en forma directa desde el empaque o recipiente, requiriendo un mínimo de batido para lograr la consistencia deseada, reduciendo los costos por mano de obra y mejorando notablemente la calidad de trabajo.",1 día hábil,Usg,Compuestos y cintas,0,,$83,false,99,10,2026-06-29 13:25:57.825636,[],https://drive.google.com/file/d/1JbeMS2W7NYjX_VJ189FC3RlIkeDbIQDd/view?usp=sharing
1843,RUSG17,,Redimix | 6Kg,"El Compuesto Multiusos para Juntas Marca Redimix® se usa para embeber cinta de papel para juntas, acabar juntas de paneles de yeso y aplicar texturas sencillas a mano. También es ideal para aplicar la última capa en superficies de paneles de yeso y para laminar y reparar grietas en yeso interior y mampostería no expuesta a humedad. De consistencia cremosa, tersa y libre de asbestos, la formulación de USG proporciona al producto excelentes cualidades de trabajo como el deslizamiento y adherencia sobre el tablero de yeso. Puede ser utilizada en forma directa desde el empaque o recipiente, requiriendo un mínimo de batido para lograr la consistencia deseada, reduciendo los costos por mano de obra y mejorando notablemente la calidad de trabajo.",1 día hábil,Usg,Compuestos y cintas,0,, $243.99,false,98,10,2026-06-29 13:25:57.825636,[],https://drive.google.com/file/d/1JbeMS2W7NYjX_VJ189FC3RlIkeDbIQDd/view?usp=sharing
1844,RUSG12,,Redimix | 12Kg,"El Compuesto Multiusos para Juntas Marca Redimix® se usa para embeber cinta de papel para juntas, acabar juntas de paneles de yeso y aplicar texturas sencillas a mano. También es ideal para aplicar la última capa en superficies de paneles de yeso y para laminar y reparar grietas en yeso interior y mampostería no expuesta a humedad. De consistencia cremosa, tersa y libre de asbestos, la formulación de USG proporciona al producto excelentes cualidades de trabajo como el deslizamiento y adherencia sobre el tablero de yeso. Puede ser utilizada en forma directa desde el empaque o recipiente, requiriendo un mínimo de batido para lograr la consistencia deseada, reduciendo los costos por mano de obra y mejorando notablemente la calidad de trabajo.",1 día hábil,Usg,Compuestos y cintas,0,, $391.00,false,97,10,2026-06-29 13:25:57.825636,[],https://drive.google.com/file/d/1JbeMS2W7NYjX_VJ189FC3RlIkeDbIQDd/view?usp=sharing
1846,RUSG25,,Redimix | 25Kg,"El Compuesto Multiusos para Juntas Marca Redimix® se usa para embeber cinta de papel para juntas, acabar juntas de paneles de yeso y aplicar texturas sencillas a mano. También es ideal para aplicar la última capa en superficies de paneles de yeso y para laminar y reparar grietas en yeso interior y mampostería no expuesta a humedad. De consistencia cremosa, tersa y libre de asbestos, la formulación de USG proporciona al producto excelentes cualidades de trabajo como el deslizamiento y adherencia sobre el tablero de yeso. Puede ser utilizada en forma directa desde el empaque o recipiente, requiriendo un mínimo de batido para lograr la consistencia deseada, reduciendo los costos por mano de obra y mejorando notablemente la calidad de trabajo.",1 día hábil,Usg,Compuestos y cintas,0,, $583.00,false,95,10,2026-06-29 13:25:57.825636,[],https://drive.google.com/file/d/1JbeMS2W7NYjX_VJ189FC3RlIkeDbIQDd/view?usp=sharing
1847,SSI6T36,Y5R,"Silicon Para Peceras Ferre silicón |
Caja con 25 piezas Transparente 280 ml","Sellador de silicón que cura al contacto con la humedad del medio ambiente. Es ideal para juntas de vidrios de ventanas y materiales lisos, metales, aluminio, azulejos, cerámica porcelanizada y juntas de vitrinas, peceras caseras y pequeñas fugas de agua.

Ventajas:
Se adhiere perfectamente al vidrio y al aluminio.
Cura rápidamente.
No daña la fauna marina.",1 día,Pennsylvania,Sellado,0,,$1609.80,false,61,78,2026-06-29 13:25:57.825636,[],
1848,SSI6T36,Y5R,"Silicon Para Peceras Ferre silicón |
Cartucho Blanco 280 ml","Sellador de silicón que cura al contacto con la humedad del medio ambiente. Es ideal para juntas de vidrios de ventanas y materiales lisos, metales, aluminio, azulejos, cerámica porcelanizada y juntas de vitrinas, peceras caseras y pequeñas fugas de agua.

Ventajas:
Se adhiere perfectamente al vidrio y al aluminio.
Cura rápidamente.
No daña la fauna marina.",1 día,Pennsylvania,Sellado,0,,$73.91,false,61,78,2026-06-29 13:25:57.825636,[],
1849,SSI6T36,Y5R,"Silicon Para Peceras Ferre silicón |
Cartucho Negro 280 ml","Sellador de silicón que cura al contacto con la humedad del medio ambiente. Es ideal para juntas de vidrios de ventanas y materiales lisos, metales, aluminio, azulejos, cerámica porcelanizada y juntas de vitrinas, peceras caseras y pequeñas fugas de agua.

Ventajas:
Se adhiere perfectamente al vidrio y al aluminio.
Cura rápidamente.
No daña la fauna marina.",1 día,Pennsylvania,Sellado,0,,$73.91,false,61,78,2026-06-29 13:25:57.825636,[],
185,947716,29,Cempanel Liso |8 MM 1.22 x 2.44 Mts Primer,"Apariencia tipo concreto, las placas de CEMPANEL Liso funcionan en fachadas ofreciendo un estilo vanguardista y elegante, se puede utilizar tanto en exterior como interior y muros decorativos.

Se pueden utilizar en muros exteriores e interiores, fachadas, faldones, plafones muros curvados, cubiertas de azotea e inclusive en entrepisos; disponible en espesores de 4, 6, 8, 10, 12 y 18 mm.",18 a 22 días hábiles pedido minimo de fabricacion 200 piezas,Cempanel,Cempanel,0,,$962.10,false,89,99,2026-06-29 13:25:57.825636,[],
1850,SSI6T36,Y5R,"Silicon Para Peceras Ferre silicón |
Caja con 25 piezas Blanco 280 ml","Sellador de silicón que cura al contacto con la humedad del medio ambiente. Es ideal para juntas de vidrios de ventanas y materiales lisos, metales, aluminio, azulejos, cerámica porcelanizada y juntas de vitrinas, peceras caseras y pequeñas fugas de agua.

Ventajas:
Se adhiere perfectamente al vidrio y al aluminio.
Cura rápidamente.
No daña la fauna marina.",1 día,Pennsylvania,Sellado,0,,$1609.80,false,61,78,2026-06-29 13:25:57.825636,[],
1851,SSI6T36,Y5R,"Silicon Para Peceras Ferre silicón |
Caja con 25 piezas Negro 280 ml","Sellador de silicón que cura al contacto con la humedad del medio ambiente. Es ideal para juntas de vidrios de ventanas y materiales lisos, metales, aluminio, azulejos, cerámica porcelanizada y juntas de vitrinas, peceras caseras y pequeñas fugas de agua.

Ventajas:
Se adhiere perfectamente al vidrio y al aluminio.
Cura rápidamente.
No daña la fauna marina.",1 día,Pennsylvania,Sellado,0,,$1609.80,false,61,78,2026-06-29 13:25:57.825636,[],
1852,101148,A20,Basecoat Durock Forte  | 20 kg,"El cemento flexible USG DUROCK FORTE® es el compuesto basecoat ideal para el tratamiento de juntas, acabados texturizados y embebido de malla en fachadas y plafones exteriores. Formulado especialmente para trabajar en conjunto con el sistema de tablacemento USG DUROCK®, ofrece la máxima resistencia a la intemperie, flexibilidad superior para evitar fisuras y una adherencia excepcional en zonas exteriores expuestas a cambios climáticos.",,Usg,Compuestos y cintas,0,, $607.00,false,88,10,2026-06-29 13:25:58.002895,[],https://www.usg.com/api/download-center/v1/assets/2fb826f9-a842-5441-8a42-bec7b465265f?download=true
1853,SS11B36,EHB,Pens Silicon 100% Arquitectónico | Individual Blanco 380ml,"Sellador 100% puro de silicón acético, con excelente resistencia y propiedades físicas; es ideal para juntas de intemperie entre vidrios sin especialidades, fachadas integrales y  juntas de aluminio y vidrio, acero, cerámica, lamina porcelanizada entre otros. También es útil como sello en invernaderos y domos.",1 día hábil,Pennsylvania,,0,,$88.28,false,5,74,2026-06-29 13:25:57.825636,[],
1854,SS11N36,EHB,Pens Silicon 100% Arquitectónico | Individual Negro 380ml,"Sellador 100% puro de silicón acético, con excelente resistencia y propiedades físicas; es ideal para juntas de intemperie entre vidrios sin especialidades, fachadas integrales y  juntas de aluminio y vidrio, acero, cerámica, lamina porcelanizada entre otros. También es útil como sello en invernaderos y domos.",1 día hábil,Pennsylvania,,0,,$88.28,false,5,74,2026-06-29 13:25:57.825636,[],
1855,SS11T36,EHB,Pens Silicon 100% Arquitectónico | Caja 25 piezas Transparente 380ml,"Sellador 100% puro de silicón acético, con excelente resistencia y propiedades físicas; es ideal para juntas de intemperie entre vidrios sin especialidades, fachadas integrales y  juntas de aluminio y vidrio, acero, cerámica, lamina porcelanizada entre otros. También es útil como sello en invernaderos y domos.",1 día hábil,Pennsylvania,,0,,"$1,922.63",false,5,74,2026-06-29 13:25:57.825636,[],
1856,SS11B36,EHB,Pens Silicon 100% Arquitectónico | Caja 25 piezas Blanco 380ml,"Sellador 100% puro de silicón acético, con excelente resistencia y propiedades físicas; es ideal para juntas de intemperie entre vidrios sin especialidades, fachadas integrales y  juntas de aluminio y vidrio, acero, cerámica, lamina porcelanizada entre otros. También es útil como sello en invernaderos y domos.",1 día hábil,Pennsylvania,,0,,"$1,922.63",false,5,74,2026-06-29 13:25:57.825636,[],
1857,SS11N36,EHB,Pens Silicon 100% Arquitectónico | Caja 25 piezas Negro 380ml,"Sellador 100% puro de silicón acético, con excelente resistencia y propiedades físicas; es ideal para juntas de intemperie entre vidrios sin especialidades, fachadas integrales y  juntas de aluminio y vidrio, acero, cerámica, lamina porcelanizada entre otros. También es útil como sello en invernaderos y domos.",1 día hábil,Pennsylvania,,0,,"$1,922.63",false,5,74,2026-06-29 13:25:57.825636,[],
1858,SS12B36,ZU8,Pens Silicon 100% Uso General Pennsylvania | Individual Blanco 280ml,"Sellador de silicón 100% de sólidos, para superficies lisas. Ideal para sellar juntas que necesiten ser impermeables y durables, útil para reparación de pequeñas fugas de agua; para superficies como vidrio, aluminio, metal, algunos plásticos, porcelana y azulejos.",1 día hábil,Pennsylvania,,0,,$78.94,false,5,74,2026-06-29 13:25:57.825636,[],
1859,SS12B36,ZU8,Pens Silicon 100% Uso General Pennsylvania | Caja con 25 piezas Blanco 280ml,"Sellador de silicón 100% de sólidos, para superficies lisas. Ideal para sellar juntas que necesiten ser impermeables y durables, útil para reparación de pequeñas fugas de agua; para superficies como vidrio, aluminio, metal, algunos plásticos, porcelana y azulejos.",1 día hábil,Pennsylvania,,0,,"$1,729.86",false,5,74,2026-06-29 13:25:57.825636,[],
1860,SS12N36,ZU8,Pens Silicon 100% Uso General Pennsylvania | Individual Negro 280ml,"Sellador de silicón 100% de sólidos, para superficies lisas. Ideal para sellar juntas que necesiten ser impermeables y durables, útil para reparación de pequeñas fugas de agua; para superficies como vidrio, aluminio, metal, algunos plásticos, porcelana y azulejos.",1 día hábil,Pennsylvania,,0,,$78.94,false,5,74,2026-06-29 13:25:57.825636,[],
1861,18531,,"Tijera de aviación | 10' corte recto","Hojas forjadas de acero al cromo molibdeno 2X más resistentes al desgaste que las de acero al carbono, recubrimiento niquelado para mayor resistencia a la corrosión, mangos ergonómicos confortables de color amarillo para fácil identificación de tipo de corte. Ideal para cortar cobre, acero y acero inoxidable",1 día,Truper,,0,,$240.00,false,7,17,2026-06-29 13:25:57.825636,[],
1862,17079,,Nivel láser rojo | alcance 10m de pilas,"Nivelación cruzada con línea láser vertical y horizontal, ideal para optimizar proyectos de topografía, construcción e ingeniería. Cuerpo de ABS con revestimiento perimetral de TPE",1 día,Truper,,0,,$875.00,false,7,17,2026-06-29 13:25:57.825636,[],
1863,29005,,Nivel láser verde | alcance 25m 12 líneas recargable,"Batería de ion litio de alto rendimiento con una autonomía de 2.5 horas, tecnología de carga rápida y una vida útil 2X más duradera que las baterías convencionales, cuerpo de ABS con revestimiento perimetral de TPR y protecciones laterales de ABS, nivelación de 3 planos con líneas láser 360°, ideal para optimizar proyectos de topografía, construcción e ingeniería",1 día,Pretul,,0,,"$1,250.00",false,7,17,2026-06-29 13:25:57.825636,[],
1864,100798,,"Charola de 12' | de acero inoxidable para mezcla","Fabricada en acero inoxidable que prolonga la vida útil, diseño cónico que facilita el agarre, resistente a la corrosión, borde recto para fácil limpieza de espátulas, para mezclar cualquier tipo de material, para resanar o pegar algún muro como cemento, mortero, yeso",1 día,Truper,,0,,$165.00,false,7,17,2026-06-29 13:25:57.825636,[],
1865,100902,,"Esmeriladora velocidad variable | 4 1/2 pulgadas, 1,100W","Para desbastar y cortar metal, ladrillos, azulejos y piedra, motor montado sobre balero de bolas para mayor vida útil y mejor desempeño, interruptor con función de uso continuo",1 día,Truper,,0,,"$1,020.00",false,7,17,2026-06-29 13:25:57.825636,[],
1870,COR4220,GLAS,Estuco veneciano Palladio | 1 Galón P442,"Obtén un elegante acabado marmóreo brillante con el estuco veneciano Palladio. Recubrimiento acrílico para interiores de alta decoración que imita el veteado del mármol sin obras costosas. Ideal para paneles y aplanados de yeso alisados (usa Covermix XT como base). Aporta resistencia, alto rendimiento y lujo a tus muros con el clásico estilo veneciano.",1 a 2 días hábiles,Corev,,0,,$1275.68,false,98,98,2026-06-29 13:25:57.825636,[],https://drive.google.com/file/d/1t_fNtOIxOuuGsySx_sogfG8QEGLzuIB3/view?usp=drive_link
1871,COR4320,GLAS,Estuco veneciano Palladio | 1 Galón P443,"Obtén un elegante acabado marmóreo brillante con el estuco veneciano Palladio. Recubrimiento acrílico para interiores de alta decoración que imita el veteado del mármol sin obras costosas. Ideal para paneles y aplanados de yeso alisados (usa Covermix XT como base). Aporta resistencia, alto rendimiento y lujo a tus muros con el clásico estilo veneciano.",1 a 2 días hábiles,Corev,,0,,$1275.68,false,98,98,2026-06-29 13:25:57.825636,[],https://drive.google.com/file/d/1t_fNtOIxOuuGsySx_sogfG8QEGLzuIB3/view?usp=drive_link
1872,COR4620,GLAS,Estuco veneciano Palladio | 1 Galón P446,"Obtén un elegante acabado marmóreo brillante con el estuco veneciano Palladio. Recubrimiento acrílico para interiores de alta decoración que imita el veteado del mármol sin obras costosas. Ideal para paneles y aplanados de yeso alisados (usa Covermix XT como base). Aporta resistencia, alto rendimiento y lujo a tus muros con el clásico estilo veneciano.",1 a 2 días hábiles,Corev,,0,,$1275.68,false,98,98,2026-06-29 13:25:57.825636,[],https://drive.google.com/file/d/1t_fNtOIxOuuGsySx_sogfG8QEGLzuIB3/view?usp=drive_link
1873,COR7620,GLAS,Estuco veneciano Palladio | 1 Galón P476,"Obtén un elegante acabado marmóreo brillante con el estuco veneciano Palladio. Recubrimiento acrílico para interiores de alta decoración que imita el veteado del mármol sin obras costosas. Ideal para paneles y aplanados de yeso alisados (usa Covermix XT como base). Aporta resistencia, alto rendimiento y lujo a tus muros con el clásico estilo veneciano.",1 a 2 días hábiles,Corev,,0,,$1275.68,false,98,98,2026-06-29 13:25:57.825636,[],https://drive.google.com/file/d/1t_fNtOIxOuuGsySx_sogfG8QEGLzuIB3/view?usp=drive_link
1874,COR0048,,Cera de Mantenimiento Ceraplus | 1 Galón,"Restaura el brillo y resalta el efecto veteado en estucos y PALLADIO con Ceraplus. Ideal para interiores, esta cera de mantenimiento protege estucos nuevos y antiguos, brindando un acabado satinado o semisatinado. Otorga resistencia al vapor, repelencia al agua y evita la acumulación de polvo para una limpieza rápida y fácil. ¡Protección y elegancia para tus muros!",1 a 2 días hábiles,Corev,,0,,$2299.31,false,97,97,2026-06-29 13:25:57.825636,[],https://drive.google.com/file/d/1F145pxL1MnHINjD5RImtHD3DjQt9sNio/view?usp=drive_link
1875,COR0020,,Resanador y Alisador Covermix XT | 1 Galón,"Optimiza tus acabados con masilla fina Covermix XT. Alisa y resana muros interiores y exteriores, paneles de yeso y aplanados de cemento. Cubre fisuras menores a 1 mm y permite capas de hasta 2 mm. Es la base perfecta para pinturas y recubrimientos de alta decoración (Metali, Palladio, Chukplast).",1 a 2 días hábiles,Corev,,0,,$398.72,false,96,96,2026-06-29 13:25:57.825636,[],https://drive.google.com/file/d/1P7Hn2cEQzynPT8qA0cnP68ISkbCFjH_d/view?usp=drive_link
1876,COR0052,,Alisador y Promotor de Adhesión Coverplast | 1 Galón,"Alisa superficies y rellena oquedades de hasta 3 mm en una sola capa con Coverplast. Funciona como endurecedor de yeso y madera, y promotor de adherencia sobre azulejo, cerámica, vidrio, lámina y esmalte. Ideal para preparar muros y mejorar el agarre antes de aplicar el acabado final. ¡Prepara tus superficies con máxima fijación!",1 a 2 días hábiles,Corev,,0,,$444.16,false,95,95,2026-06-29 13:25:57.825636,[],https://drive.google.com/file/d/12TcEh8kML6g3mF4xHUv7lWptpnd4-AR3/view?usp=drive_link
1877,COR0590,ALIS,Recubrimiento de Muros Kit Corevblock | Blanco 25 kg + Aditivo,"Sustituye repellado y afinado en una sola aplicación con Corevblock Blanco. Recubrimiento texturizado en polvo con cemento blanco y cargas minerales, ideal para muros y plafones de concreto, ladrillo o block. Ahorra en mano de obra y tiempo en proyectos residenciales o comerciales con un acabado rápido y resistente. ",1 a 2 días hábiles,Corev,,0,,$394.59,false,94,94,2026-06-29 13:25:57.825636,[],https://drive.google.com/file/d/1JpUtsPTWaDdbTpKmz0EfVb3zUFBQBpSF/view?usp=drive_link
1878,COR0250,,Acabado Chukum Chuckblock Gris | 20 kg,"Sustituye repellado y afinado en una sola aplicación sobre superficies que no presentan desnivel con Corevblock Blanco. Recubrimiento texturizado en polvo con cemento blanco y cargas minerales, ideal para muros y plafones de concreto, ladrillo o block. Ahorra en mano de obra y tiempo en proyectos residenciales o comerciales con un acabado rápido y resistente.",1 a 2 días hábiles,Corev,,0,,$383.22,false,93,93,2026-06-29 13:25:57.825636,[],https://drive.google.com/file/d/1sEupq85rUpHG8NPChCq5A36ISkrtPIdF/view?usp=drive_link
1879,COR0090,ALIS,Recubrimiento de Muros Kit Corevblock | Gris 25 kg + Aditivo,"Sustituye repellado y afinado en una sola aplicación sobre superficies que no presentan desnivel con Corevblock Gris. Recubrimiento texturizado en polvo con cemento blanco y cargas minerales, ideal para muros y plafones de concreto, ladrillo o block. Ahorra en mano de obra y tiempo en proyectos residenciales o comerciales con un acabado rápido y resistente.",1 a 2 días hábiles,Corev,,0,,$339.83,false,92,92,2026-06-29 13:25:57.825636,[],https://drive.google.com/file/d/1VuFIWUTGMF1QSr5_qrg3haN6GdfndbcJ/view?usp=drive_link
1880,COR7120,TEXTU,Texturizado Coverall Grano Medio Blanco | 1 Galón,"Crea acabados decorativos y de gran durabilidad con Coverall Grano Medio Blanco. Este recubrimiento acrílico base agua es fácil de aplicar en muros interiores de yeso, cemento, fibrocemento, madera y metal. Aporta texturas elegantes con excelente resistencia. Ideal para personalizar espacios residenciales y comerciales con un toque moderno y uniforme.",1 a 2 días hábiles,Corev,,0,,$249.97,false,91,91,2026-06-29 13:25:57.825636,[],https://drive.google.com/file/d/1Efv7FJxTmdQATRk5pmgSQUvykjhhaPSr/view?usp=drive_link
1881,COR7122             ,TEXTU,Texturizado Coverall Sin Grano Blanco | 1 Galón,"Logra acabados suaves y elegantes en interiores con Coverall Sin Grano Blanco. Este recubrimiento acrílico base agua de fácil aplicación es ideal para muros de yeso, cemento, fibrocemento, madera y metal. Proporciona texturas decorativas tersas, modernas y de alta durabilidad. La solución perfecta para renovar y personalizar tus espacios interiores.",1 a 2 días hábiles,Corev,,0,,$249.97,false,90,90,2026-06-29 13:25:57.825636,[],https://drive.google.com/file/d/1A0NtlOsHIR9-6HNJMDEkzSlUIWSEeFes/view?usp=drive_link
1882,COR0520,,Promotor de Adhesión Sobre Azulejo Bioplast | 1 Galón,"Promueve la máxima adherencia sobre azulejo, cerámica, lámina, vidrio y madera con Bioplast. Formulada con resinas acrílicas y bajo VOC, esta pasta alisa muros, endurece yeso y rellena oquedades de hasta 3 mm en una sola capa. La base preparadora ideal para asegurar el agarre de tus recubrimientos en renovaciones exigentes.",1 a 2 días hábiles,Corev,,0,,$594.97,false,89,89,2026-06-29 13:25:57.825636,[],https://drive.google.com/file/d/1A0NtlOsHIR9-6HNJMDEkzSlUIWSEeFes/view?usp=drive_link
1883,COR1523,,Resanador Multiusos Resanamix | 255 ml,"Alisa muros y resana imperfecciones en interiores con Resanamix. Masilla acrílica de alta adherencia y fácil aplicación, ideal para reparar grietas, perforaciones y junteo de paneles de yeso o aplanados finos de cemento. Ofrece excelente rendimiento, manejabilidad y un costo-beneficio superior. ¡Deja tus paredes impecables y listas para pintar!",1 a 2 días hábiles,Corev,,0,,$62.32,false,88,88,2026-06-29 13:25:57.825636,[],https://drive.google.com/file/d/181yzN2kRaRioA94jMRGhljR1F7txfQI3/view?usp=drive_link
1884,7339104,MAPEL,Mapelastic AquaDefense | 1 Galón,"Membrana líquida impermeable de secado ultra rápido (instalación de losetas en 30-50 min). Ideal para aislar grietas de hasta 3 mm en pisos, muros y albercas antes de colocar cerámica o piedra. Sin olor, fácil de aplicar con rodillo y apto para baños, cocinas y exteriores. Protege tus obras residenciales e industriales contra daños por agua con calidad superior.",,Mapei,Adhesivos y nivelantes,0,," $1,134.48",false,0,0,2026-06-29 13:25:57.825636,[],https://drive.google.com/file/d/1gwusu6tZaEJwORjyR5fv7N_ZHIXJ-Wjk/view?usp=drive_link
1885,7339119,MAPEL,Mapelastic AquaDefense | 5 Galones,"Membrana líquida impermeable de secado ultra rápido (instalación de losetas en 30-50 min). Ideal para aislar grietas de hasta 3 mm en pisos, muros y albercas antes de colocar cerámica o piedra. Sin olor, fácil de aplicar con rodillo y apto para baños, cocinas y exteriores. Protege tus obras residenciales e industriales contra daños por agua con calidad superior.",,Mapei,Adhesivos y nivelantes,0,," $4,817.48",false,0,0,2026-06-29 13:25:57.825636,[],https://drive.google.com/file/d/1gwusu6tZaEJwORjyR5fv7N_ZHIXJ-Wjk/view?usp=drive_link
190,948314,30,Cempanel Liso Biselado |12 MM .61 x .61 Mts,"Debido a su apariencia tipo concreto, las placas de CEMPANEL BISELADO funcionan en fachadas ofreciendo un estilo vanguardista y elegante, se puede utilizar tanto en exterior como interior y muros decorativos; disponible en 12 mm.",18 a 22 días hábiles pedido minimo de fabricacion 200 piezas,Cempanel,Cempanel,0,,$188.92,false,88,97,2026-06-29 13:25:58.002895,[],
192,948073,30,Cempanel Liso Biselado |12 MM 1.22 x .61 Mts,"Debido a su apariencia tipo concreto, las placas de CEMPANEL BISELADO funcionan en fachadas ofreciendo un estilo vanguardista y elegante, se puede utilizar tanto en exterior como interior y muros decorativos; disponible en 12 mm.",2 a 4 dias habiles,Cempanel,Cempanel,265,,$376.49,false,88,97,2026-06-29 13:25:58.002895,[],
193,948072,30,Cempanel Liso Biselado |12 MM 1.22 x .61 Mts Primer,"Debido a su apariencia tipo concreto, las placas de CEMPANEL BISELADO funcionan en fachadas ofreciendo un estilo vanguardista y elegante, se puede utilizar tanto en exterior como interior y muros decorativos; disponible en 12 mm.",18 a 22 días hábiles pedido minimo de fabricacion 200 piezas,Cempanel,Cempanel,0,,$395.62,false,88,97,2026-06-29 13:25:58.002895,[],
194,947839,30,Cempanel Liso Biselado |12 MM 1.22 x 1.22 Mts,"Debido a su apariencia tipo concreto, las placas de CEMPANEL BISELADO funcionan en fachadas ofreciendo un estilo vanguardista y elegante, se puede utilizar tanto en exterior como interior y muros decorativos; disponible en 12 mm.",18 a 22 días hábiles pedido minimo de fabricacion 200 piezas,Cempanel,Cempanel,0,,$754.31,false,88,97,2026-06-29 13:25:58.002895,[],
196,947588,30,Cempanel Liso Biselado |12 MM 1.22 x 2.44 Mts,"Debido a su apariencia tipo concreto, las placas de CEMPANEL BISELADO funcionan en fachadas ofreciendo un estilo vanguardista y elegante, se puede utilizar tanto en exterior como interior y muros decorativos; disponible en 12 mm.",2 a 4 dias habiles,Cempanel,Cempanel,100,,"$1,645.27",false,88,97,2026-06-29 13:25:58.002895,[],
203,947581,31,Cempanel Rectificado |12 MM 1.22 x 2.44 Mts,"Apariencia tipo concreto, las placas de CEMPANEL Rectificado funcionan en fachadas ofreciendo un estilo vanguardista y elegante, se puede utilizar tanto en exterior como interior y muros decorativos.",2 a 4 dias habiles,Cempanel,Cempanel,0,,"$1,361.24",false,83,98,2026-06-29 13:25:58.002895,[],
205,947520,31,Cempanel Rectificado |12 MM 1.22 x 3.66 Mts,"Apariencia tipo concreto, las placas de CEMPANEL Rectificado funcionan en fachadas ofreciendo un estilo vanguardista y elegante, se puede utilizar tanto en exterior como interior y muros decorativos.",18 a 22 días hábiles pedido minimo de fabricacion 200 piezas,Cempanel,Cempanel,0,,"$1,947.18",false,83,98,2026-06-29 13:25:58.002895,[],
211,977884,32,Cempanel Rectificado Biselado |12 MM .61 x .61 Mts,"Apariencia tipo concreto, las placas de CEMPANEL Rectificado funcionan en fachadas ofreciendo un estilo vanguardista y elegante, se puede utilizar tanto en exterior como interior y muros decorativos.",18 a 22 días hábiles pedido minimo de fabricacion 200 piezas,Cempanel,Cempanel,0,,$163.46,false,82,96,2026-06-29 13:25:58.002895,[],
212,979023,32,Cempanel Rectificado Biselado |12 MM .61 x 1.22 Mts,"Apariencia tipo concreto, las placas de CEMPANEL Rectificado funcionan en fachadas ofreciendo un estilo vanguardista y elegante, se puede utilizar tanto en exterior como interior y muros decorativos.",18 a 22 días hábiles pedido minimo de fabricacion 200 piezas,Cempanel,Cempanel,4,,$503.76,false,82,96,2026-06-29 13:25:58.002895,[],
213,977873,32,Cempanel Rectificado Biselado |12 MM 1.22 x 1.22 Mts,"Apariencia tipo concreto, las placas de CEMPANEL Rectificado funcionan en fachadas ofreciendo un estilo vanguardista y elegante, se puede utilizar tanto en exterior como interior y muros decorativos.",18 a 22 días hábiles pedido minimo de fabricacion 200 piezas,Cempanel,Cempanel,0,,$854.79,false,82,96,2026-06-29 13:25:58.002895,[],
214,977874,32,Cempanel Rectificado Biselado |12 MM 1.22 x 2.44 Mts,"Apariencia tipo concreto, las placas de CEMPANEL Rectificado funcionan en fachadas ofreciendo un estilo vanguardista y elegante, se puede utilizar tanto en exterior como interior y muros decorativos.",2 a 4 dias habiles,Cempanel,Cempanel,0,,"$1,611.79",false,82,96,2026-06-29 13:25:58.002895,[],
216,948271,A35,Cempanel Cemplank Cedar |8 MM .19 x 3.66 Mts,"Plano fabricado en medidas estandarizadas con textura en relieve aparente a vetas de madera, ofreciendo una estética inigualable, se puede utilizar en interior y en exterior..",2 a 4 días hábiles,Cempanel,Cempanel,0,,$225.09,false,86,94,2026-06-29 13:25:58.002895,[],
217,1320644,A37,Cempanel CemRock |1.22 x 2.44 Mts 10 mm,"Es ideal para uso interior y exterior como 
fachadas, muros divisorios, remodelación
y obra nueva. Diseñado para recibir 
materiales como acabados, selladores, masillas, pastas y recubrimientos. Puede ser instalado sobre 
postes o bastidores metálicos en todo tipo 
de construcción resistente a la humedad y 
generación de microorganismos, además de 
tener propiedades térmicas y acústicas",3 a 5 dias habiles venta minima 40 piezas y por palet de las mismas.,Cempanel,Cempanel,0,,$810.58,false,84,91,2026-06-29 13:25:58.002895,[],
220,101102,A38,Charola Acero Inoxidable Panel Rey|12.in,"Charola de acero inoxidable para compuesto. La calidad de sus materiales y proceso de fabricación hacen de esta charola la mejor opción en durabilidad y diseño

Medida:12""
Material: Acero Inoxidable",1 día hábil,Panel Rey,Herramientas,4,,$434.17,false,0,87,2026-06-29 13:25:58.002895,"[""326"", ""324"", ""325"", ""221""]",
221,101129,A39,Charola Plastico Panel Rey|12.in,"Charola de plástico marca Panel Rey con cuchillas de acero inoxidable para evitar el escurrimiento de la pasta y una limpieza mas fácil.

Medida: 12""
Material: Plastico",1 día hábil,Panel Rey,Herramientas,1,,$188.20,false,0,85,2026-06-29 13:25:58.002895,"[""220"", ""326"", ""324"", ""325""]",
223,101035,A41,Perfacinta Cinta de Papel para Juntas| .5m x 76.2m,"La cinta para el refuerzo de uniones Panel Rey® está diseñada para ser utilizada con el sistema de construcción Panel Rey® en el tratamiento y acabado de las uniones y esquinas del panel de yeso instalado en interiores, ocultando y reforzando las juntas en muros y techos. Este producto es fabricado para cumplir con la Norma ASTM C-475 acorde a los procedimientos de la Norma ASTM C-474. Este producto está hecho de fibras de papel de alta calidad para aportar la mayor resistencia, presenta un lijado por ambas caras que le permite incrementar su adherencia al sustrato, tiene un marcado central para un doblez más fácil.",1 día hábil,Panel Rey,Compuestos y cintas,0,,$88.18,false,86,92,2026-06-29 13:25:58.002895,"[""515"", ""326"", ""324"", ""325"", ""221""]",https://drive.google.com/file/d/1JyAiOnrjuvusWGkCjHge3t6FWMFvuYNZ/view?usp=sharing
225,101016,A43,Cinta Esquinero Papel Metalica | Perfatrim,"La cinta metal papel para paneles de yeso es la solución definitiva para el tratamiento y acabado de esquinas interiores y exteriores. Diseñada bajo los más estrictos estándares de calidad, esta cinta proporciona una excelente adhesión y una resistencia estructural superior para tablaroca o placas de yeso.",,Dipemsa,Compuestos y cintas,0,, $250.00,false,82,10,2026-06-29 13:25:58.002895,[],https://drive.google.com/file/d/1oYWJRWwZAjTKCOYGDsy0SBSp8w3cgl1r/view?usp=sharing
247,523,A45,"Clavo con rondana 1 1/4"" | Caja 100 piezas","El clavo con rondana es ideal para trabajar en superficies de concreto. Incluye una rondana por cada clavo, lo cual brinda mayor firmeza a cualquier objeto que se busque fijar en concreto. Es compatible con los modelos de herramientas: GB-100, GB-100S y GB-350A.

Medida: 1 1/4""
Uso:Concreto 
Presentacion: Caja con 100 Piezas",1 día hábil,Gram bel,Sistemas de fijacion directa,500,,$174.48,false,85,96,2026-06-29 13:25:58.002895,[],
248,101138,A46,"Clavo para Concreto 1 1/4"" PD32 | Caja 100 piezas","El clavo es ideal para trabajar en superficies de concreto. Es compatible con los modelos de herramientas: GB-100, GB-100S y GB-350A.

Medida: 1 1/4""
Uso:Concreto 
Presentacion: Caja con 100 Piezas",1 día hábil,Gram bel,Sistemas de fijacion directa,0,,$96.95,false,79,97,2026-06-29 13:25:58.002895,[],
306,101222,A59,Durock Next Gen USG| 1/2.in 1.22 x 2.44 Mts,"Panel de Cemento Durock USG ideal para muros y fachadas en exteriores.

Medida:1.22 x 2.44 Mts
Espesor:1/2""
Uso: Exterior",1 a 2 días hábiles,Usg,Tablaroca y durock,0,,"$1,064.66",false,89,0,2026-06-29 13:25:58.002895,"[""98"", ""506"", ""123"", ""774""]",https://drive.google.com/file/d/1_5rmEWO2Xk64MKPNse7R9hedYlzGj1Tc/view?usp=drive_link
324,101100,50,Espatula Acero Inoxidable Panel Rey |10.in,"Espatulas Panel Rey Acero Inoxidable incrementa su durabilidad y la calidad de los trabajos de acabado, asi como su mango Softgrip sirve para hacer la aplicación mas fácil y cómoda.

Medida: 10""",1 día hábil,Panel Rey,Herramientas,10,,$240.85,false,0,86,2026-06-29 13:25:58.002895,"[""326"", ""325"", ""220"", ""221""]",
325,101099,50,Espatula Acero Inoxidable Panel Rey |12.in,"Espatulas Panel Rey Acero Inoxidable incrementa su durabilidad y la calidad de los trabajos de acabado, asi como su mango Softgrip sirve para hacer la aplicación mas fácil y cómoda.

Medida: 12""",1 día hábil,Panel Rey,Herramientas,10,,$302.86,false,0,86,2026-06-29 13:25:58.002895,"[""326"", ""324"", ""220"", ""221""]",
326,101457,50,Espatula Acero Inoxidable Panel Rey |6.in,"Espatulas Panel Rey Acero Inoxidable incrementa su durabilidad y la calidad de los trabajos de acabado, asi como su mango Softgrip sirve para hacer la aplicación mas fácil y cómoda.

Medida: 6""",1 día hábil,Panel Rey,Herramientas,10,,$229.56,false,0,86,2026-06-29 13:25:58.002895,"[""324"", ""325"", ""220"", ""221""]",
327,15854,A65,Espatula Flexible Acero Inoxidable Truper |6.in,"Fabricadas en acero inoxidable.Mangos comfort grip de doble inyección
Casquillo metálico para golpear clavos

Medida: 6""",1 día hábil,Truper,Herramientas,5,,$119.00,false,10,0,2026-06-29 13:25:58.002895,[],
328,11879,A66,Espátula  Acero Inoxidable Truper | 10.in,"Fabricadas en acero inoxidable.Mangos comfort grip de doble inyección
Casquillo metálico para golpear clavos

Medida: 10""",1 día hábil,Truper,Herramientas,3,,$165.00,false,10,0,2026-06-29 13:25:58.002895,[],
329,11881,A66,Espátula  Acero Inoxidable Truper |12.in,"Fabricadas en acero inoxidable.Mangos comfort grip de doble inyección
Casquillo metálico para golpear clavos

Medida: 12""",1 día hábil,Truper,Herramientas,5,,$179.00,false,10,0,2026-06-29 13:25:58.002895,[],
331,101060,A69,Esquinero Metálico Galvanizado |3.00 x 3.05 Mts C-26,"Esquinero Metálico Galvanizado ideal para tratar esquinas en paneles de yeso y cemento en interiores o exteriores.

Medidas: 3.0 Cms Ancho x 3.05 Mts Largo
Calibre 26",1 día hábil,Dipemsa,Perfiles galvanizados,26,,$41.92,false,84,85,2026-06-29 13:25:58.002895,[],
35,101038,A7,"Aislhogar R8 | 2 1/2"" .61m x 15.24m","Aislamiento termoacústico fabricado con fibra de vidrio de baja densidad, aglutinada con resina fenólica de fraguado térmico, presentado en rollos de color rosa sin recubrimiento de papel kraft. Medida: .61 Ancho x 15.24 Metros Largo Espesor: 2 1/2""",1 a 2 días hábiles,Owens corning,Aislantes,60,,$693.68,false,89,99,2026-06-29 13:25:58.002895,[],https://drive.google.com/file/d/13Ah4fabl1WJ7N2N_mURy_jK9zvBYetlD/view?usp=sharing
363,970099,A76,Hidrofugante  Cempanel |19 lt,Acabado natural Cempanel. Cubeta de 19 lt.,3 a 4 días hábiles,Cempanel,Cempanel,0,,"$7,237.60",false,79,0,2026-06-29 13:25:58.002895,[],
414,101015,B1,Panel de Cemento Permabase  Panel Rey |1/2.in 1.22 x 2.44 Mts,"Panel de Cemento Permabase Panel Rey ideal para Fachadas y Muros Exteriores.
Uso: Exterior
Espesor:  1/2"" (12.7mm) 
Medida: 1.22 x 2.44 Mts",1 día hábil,Panel Rey,Tablaroca y durock,0,,$809.99,false,90,96,2026-06-29 13:25:58.002895,"[""102"", ""506"", ""123"", ""1806"", ""774"", ""777""]",https://drive.google.com/file/d/1q3JyHZ5l7b56GXFbz83Si5lTSfdnJlAC/view?usp=drive_link
417,101132,68B,Glass Rey Panel Rey | 1/2 .in 1.22 x 2.44 Mts,"Panel de Yeso con Fibra de Vidrio Glass Rey Panel Rey ideal para Fachadas y Muros Exteriores.
Uso: Exterior
Espesor:  1/2"" (12.7mm) 
Medida: 1.22 x 2.44 Mts",1 a 2  días hábiles,Panel Rey,Tablaroca y durock,0,,$828.84,false,86,95,2026-06-29 13:25:58.002895,"[""102"", ""506"", ""123"", ""1806"", ""774"", ""777""]",https://drive.google.com/file/d/1YmjUE2gmuMnqAZzBNYRlRJOeF5Pz5w-f/view?usp=drive_link
418,101012,68C,Tablaroca Guard Rey Panel Rey  |1/2.in 1.22 x 2.44 Mts,"Panel de Yeso Guard Rey Panel Rey ideal para Plafones, Muros Divisorios y Decoraciones.
Uso: Interior en zonas de Humedad o Moho.
Espesor:  1/2"" (12.7mm) 
Medida: 1.22 x 2.44 Mts",1 dia habil,Panel Rey,Tablaroca y durock,0,,$266.00,false,94,98,2026-06-29 13:25:58.002895,"[""515"", ""498"", ""117"", ""1805"", ""771"", ""220""]",https://drive.google.com/file/d/149yL_d576TFwt0ScAWkMT4in2ZCsu4EM/view?usp=drive_link
421,101221,68F,Tablaroca Securock USG|1/2.in 1.22 x 2.44 Mts,"Panel de Fibra de Vidrio Securock USG ideal para muros y fachadas en exteriores.

Medida:1.22 x 2.44 Mts
Espesor:1/2""
Uso: Exterior",1 a 2 días hábiles,Usg,Tablaroca y durock,0,,"$1,031.59",false,88,0,2026-06-29 13:25:58.002895,"[""98"", ""506"", ""123"", ""1806"", ""774"", ""777""]",https://drive.google.com/file/d/1R6DluqQtlpWHhLujECYmPsIKejMalAw5/view?usp=drive_link
433,970214,B4,Pasta para Floteado Cempanel |30 Kg,"Es una pasta especial diseñada para el tratamiento de superficies en placas de CEMPANEL® ESTÁNDAR en aplicaciones de muros, fachadas y plafones; de fácil aplicación y manejabilidad para nivelar o uniformizar la superficie después del tratamiento de juntas.",3 a 4 días hábiles,Cempanel,Cempanel,0,,"$1,858.27",false,76,77,2026-06-29 13:25:58.002895,[],
439,JS2025,73,Perno Roscado JS-2025 | Caja 100 piezas,"El Perno Roscado es ideal para trabajar en superficies de concreto. Es compatible con los modelos de herramientas: GB-100, GB-100S y GB-350A.

Medida: 1 1/4""
Uso:Concreto 
Presentacion: Caja con 100 Piezas",1 día hábil,Gram bel,Sistemas de fijacion directa,0,,$182.70,false,78,90,2026-06-29 13:25:58.002895,[],
446,540,74,Pistola de Fijacion GB-100 | Regulador de potencia,"La herramienta GB-100 es una herramienta versátil y económica con la cual se podrán realizar trabajos de potencia liviana. Con la GB-100 se puede trabajar tanto en concreto como acero la cual la hace la herramienta confiable que brinda eficiencia en su trabajo.

Cañon: 8 mm 
Cartucho: Individual c22",1 a 2 días hábiles,Gram bel,Sistemas de fijacion directa,0,,"$1,428.73",false,75,78,2026-06-29 13:25:58.002895,[],
452,101077,B12,Plafon Cortega 704 Armstrong |.61 x .61 Mts C/16 Piezas,"Está fabricado con fibra mineral y cuenta con propiedades acústicas y de aislamiento. Es muy fácil de instalar, su textura media y borde regular minimiza el aspecto cuadricular 
Panel texturizado no direccional con detalle de borde regular.
Resistente a la suciedad, raspaduras, impacto y pandeo.
Su fibra mineral es resistente al moho y hongos.
Tiene propiedades de aislamiento y resistencia al fuego.
Excelente absorción y reducción del sonido..",1 día hábil,Armstrong,Plafones y suspension,0,,"$1,817.44",false,83,0,2026-06-29 13:25:58.002895,[],
453,PTFF2,75A,Plafón  Tipo Fissured Dipemsa |.61 x .61 Mts,"Plafon Termoacustico Importado Lana Mineral .61 x .61 Mts 

Marca:Dipemsa 
Caja con 10 piezas 
Medidas: .61 x .61 Mts  
Peso: 15 kg/Caja",1 día hábil,Dipemsa,Plafones y suspension,0,,$997.99,false,88,98,2026-06-29 13:25:58.002895,[],
454,PTGS1,75B,Plafón Tipo Dune Dipemsa |.61 x .61 Mts,"Plafon Termoacustico Importado Lana Mineral .61 x .61 Mts 

Marca:Dipemsa 
Caja con 10 piezas 
Medidas: .61 x .61 Mts  
Peso: 15 kg/Caja",1 día hábil,Dipemsa,Plafones y suspension,0,,"$1,220.00",false,85,95,2026-06-29 13:25:58.002895,[],
455,PTLS1,75C,Plafón Tipo Liso Dipemsa|.61 x .61 Mts,"Plafon Termoacustico Importado Lana Mineral .61 x .61 Mts 

Marca:Dipemsa 
Caja con 10 piezas 
Medidas: .61 x .61 Mts  
Peso: 15 kg/Caja",1 día,Dipemsa,Plafones y suspension,0,,"$1,419.99",false,87,97,2026-06-29 13:25:58.002895,"[""78""]",
456,PTRA1,75D,Plafon Tipo Radar Dipemsa |.61 x .61 Mts,"Plafon Termoacustico Importado Lana Mineral .61 x .61 Mts 

Marca:Dipemsa 
Caja con 10 piezas 
Medidas: .61 x .61 Mts  
Peso: 15 kg/Caja",1 día hábil,Dipemsa,Plafones y suspension,0,,$997.99,false,89,99,2026-06-29 13:25:58.002895,[],
457,101118,B13,Plafon Dunne Armstrong |1774   .61 x .61 Mts C/16 Piezas,"Plafón Dune Armstrong 1774 Termoacústico. Es muy fácil de instalar, su textura media y borde regular minimiza el aspecto cuadricular 
Resistente a la suciedad, raspaduras, impacto y pandeo.
Su fibra mineral es resistente al moho y hongos.

Material: Lana Mineral 
Medida: .61 x .61 Mts 
Presentacion: Caja 16 Piezas
Linea: 15/16""",1 a 2 dias habiles,Armstrong,Plafones y suspension,0,,"$3,553.18",false,75,0,2026-06-29 13:25:58.002895,[],
459,101412,B15,Plafon Embozado Glasliner | .61 x .61 Mts 2.3 mm (Pieza),"Glasliner® es un laminado plástico elaborado con resina de poliéster y reforzado con fibra de
vidrio. Glasliner® ha sido diseñado especialmente para ofrecer protección y estética en áreas
que requieren máxima resistencia, higiene y facilidad de limpieza. 

Tipo: Embozado
Espesor:2.3 mm 
Medida: .61 x .61 Mts 
Color: Blanco",1 a 2 días hábiles,Glasliner,Plafones y suspension,0,, $145.46,false,99,99,2026-06-29 13:25:58.002895,[],https://drive.google.com/file/d/1wCQGPYUM0c4Fr16u5Va2IoFSgz1Qa9NF/view?usp=sharing
466,101076,77,Plafón Fine Fissured Armstrong |1732 .61 x .61 Mts C/16 Piezas,"Plafón Fine Fissured Armstrong 1732 Termoacústico. Es muy fácil de instalar, su textura media y borde regular minimiza el aspecto cuadricular 
Resistente a la suciedad, raspaduras, impacto y pandeo.
Su fibra mineral es resistente al moho y hongos.

Material: Lana Mineral 
Medida: .61 x .61 Mts 
Presentacion: Caja 16 Piezas
Linea: 15/16""",1 a 2 días hábiles.,Armstrong,Plafones y suspension,0,,"$1,790.83",false,76,0,2026-06-29 13:25:58.002895,[],
467,101116,77A,Plafón  Fissured Armstrong |705A .61 x .61 Mts C/16 Piezas,"Plafón Fissured Armstrong 705A Termoacústico. Es muy fácil de instalar, su textura media y borde regular minimiza el aspecto cuadricular 
Resistente a la suciedad, raspaduras, impacto y pandeo.
Su fibra mineral es resistente al moho y hongos.

Material: Lana Mineral 
Medida: .61 x .61 Mts 
Presentación: Caja 16 Piezas
Linea: 15/16""",1 a 2 días hábiles.,Armstrong,Plafones y suspension,0,,"$2,365.94",false,77,0,2026-06-29 13:25:58.002895,[],
468,101117,77A,Plafón Fissured Armstrong |755B .61 x 1.22 Mts C/12 Piezas,"Plafón Fissured Armstrong 755B Termoacústico. Es muy fácil de instalar, su textura media y borde regular minimiza el aspecto cuadricular 
Resistente a la suciedad, raspaduras, impacto y pandeo.
Su fibra mineral es resistente al moho y hongos.

Material: Lana Mineral 
Medida: .61 x 1.22 Mts 
Presentación: Caja 12 Piezas
Linea: 15/16""",1 a 2 días hábiles.,Armstrong,Plafones y suspension,0,,"$2,209.35",false,77,0,2026-06-29 13:25:58.002895,[],
483,101209,79,Plafon Radar USG|.61 x.61 Mts C/16 Piezas,"Los paneles acústicos para cielo raso USG Radar™ cuentan con Desempeño, lo que significa que contienen una formulación estándar antimicrobiana de amplio espectro patentada que inhibe y retarda el crecimiento de moho y hongos.

Material: Lana Mineral 
Medida: .61 x .61 Mts 
Presentacion: Caja c/16 Piezas
Linea: 15/16""",1 a 2 días hábiles,Usg,Plafones y suspension,0,,"$3,168.82",false,84,90,2026-06-29 13:25:58.002895,[],
484,101210,79,Plafon Radar USG|61 x 1.22 Mts C/8 Piezas,"Los paneles acústicos para cielo raso USG Radar™ cuentan con Desempeño, lo que significa que contienen una formulación estándar antimicrobiana de amplio espectro patentada que inhibe y retarda el crecimiento de moho y hongos.",1 a 2 días hábiles,Usg,Plafones y suspension,0,,"$2,649.32",false,84,90,2026-06-29 13:25:58.002895,[],
487,101455,81,Plafon Texturey Ibiza Panel Rey|.61 x 1.22 Metros,"Plafon de Yeso Texturey Ibiza Panel Rey con Texturizado en color Blanco.

Uso: Interior 
Medida: .61 x 1.22 Mts 
Grosor: 1/2""",1 a 2 días hábiles,Panel Rey,Plafones y suspension,0,,$138.93,false,68,88,2026-06-29 13:25:58.002895,"[""904"", ""853"", ""1087"", ""874"", ""777""]",
488,101454,81A,Plafon Texturey Standar  Panel Rey |.61 x 1.22 Metros,"Plafon de Yeso Texturey Standar Panel Rey con Texturizado en color Blanco.

Uso: Interior 
Medida: .61 x 1.22 Mts 
Grosor: 1/2""",1 a 2 días hábiles,Panel Rey,Plafones y suspension,0,,$138.93,false,70,90,2026-06-29 13:25:58.002895,"[""904"", ""853"", ""1087"", ""874"", ""777""]",
489,101406,81B,Plafon Texturey Standar Gota Fina  Panel Rey |.61 x 1.22 Metros,"Plafon de Yeso Texturey Standar Gota Fina Panel Rey con Texturizado en color Blanco.

Uso: Interior 
Medida: .61 x 1.22 Mts 
Grosor: 1/2""",1 a  2 días hábiles,Panel Rey,Plafones y suspension,0,,$138.93,false,69,89,2026-06-29 13:25:58.002895,"[""904"", ""853"", ""1087"", ""874"", ""777""]",
492,101079,B20,Plafon Ultima 1911 Armstrong |.61 x .61 Mts C/12 Piezas,"Plafón Ultima Armstrong 1911 Termoacústico. Es muy fácil de instalar, su textura media y borde regular minimiza el aspecto cuadricular 
Resistente a la suciedad, raspaduras, impacto y pandeo.
Su fibra mineral es resistente al moho y hongos.

Material: Lana Mineral 
Medida: .61 x .61 Mts 
Presentacion: Caja 16 Piezas
Linea: 15/16""",1 a 2 días hábiles,Armstrong,Plafones y suspension,0,,"$5,010.90",false,78,0,2026-06-29 13:25:58.002895,[],
497,101022,GAL,Poste Metalico Galvanizado |4.10 x 2.44 Mts C-26,"Poste Metalico Galvanizado 4.10 x 2.44 Mts Calibre 26 ideal para muros en interior o Fachadas.

Medidas: 4.10 Cms Ancho x 2.44 Mts Largo 
Calibre 26",1  dia hábil,Dipemsa,Perfiles galvanizados,0,,$64.99,false,4,90,2026-06-29 13:25:58.002895,[],
498,101003,GAL,Poste Metalico Galvanizado |4.10 x 3.05 Mts C-26,"Poste Metalico Galvanizado 4.10 x 3.05 Mts Calibre 26 ideal para muros en interior o Fachadas.

Medidas: 4.10 Cms Ancho x 3.05 Mts Largo 
Calibre 26",1  dia habil,Dipemsa,Perfiles galvanizados,0,,$74.50,false,90,90,2026-06-29 13:25:58.002895,[],
499,101024,GAL,Poste Metalico Galvanizado |6.35 x 2.44 Mts C-26,"Poste Metalico Galvanizado 6.35 x 2.44 Mts Calibre 26 ideal para muros en interior o Fachadas.

Medidas: 6.35 Cms Ancho x 2.44 Mts Largo 
Calibre 26",1 día  hábil,Dipemsa,Perfiles galvanizados,49,,$74.10,false,90,90,2026-06-29 13:25:58.002895,[],
500,101001,GAL,Poste Metalico Galvanizado |6.35 x 3.05 Mts C-26,"Poste Metalico Galvanizado 6.35 x 3.05 Mts Calibre 26 ideal para muros en interior o Fachadas.

Medidas: 6.35 Cms Ancho x 3.05 Mts Largo 
Calibre 26",1 día hábil,Dipemsa,Perfiles galvanizados,3,,$88.00,false,90,90,2026-06-29 13:25:58.002895,[],
502,101052,GAL,Poste Metalico Galvanizado |9.20 x 3.05 Mts C-26,"Poste Metalico Galvanizado 9.20 x 3.05 Mts Calibre 26 ideal para muros en interior o Fachadas.

Medidas: 9.20 Cms Ancho x 3.05 Mts Largo 
Calibre 26",1  dia  hábil,Dipemsa,Perfiles galvanizados,0,,$121.86,false,90,90,2026-06-29 13:25:58.002895,[],
503,101053,GAL,Poste Metalico Galvanizado |15.24 x 3.05 Mts  C-26,"Poste Metalico Galvanizado 15.24 x 3.05 Mts Calibre 26 ideal para muros en interior o Fachadas.

Medidas: 15.24 Cms Ancho x 3.05 Mts Largo 
Calibre 26",1 día  hábil,Dipemsa,Perfiles galvanizados,62,,$175.93,false,90,90,2026-06-29 13:25:58.002895,[],
504,101006,GAL,Poste Metalico Galvanizado |4.10 x 3.05 Mts C-20,"Poste Metalico Galvanizado 4.10 x 3.05 Mts Calibre 20 ideal para muros en interior o Fachadas.

Medidas: 4.10 Cms Ancho x 3.05 Mts Largo 
Calibre Estructural 20",1 día  hábil,Dipemsa,Perfiles galvanizados,0,,$152.66,false,90,90,2026-06-29 13:25:58.002895,[],
506,101055,GAL,Poste Metalico Galvanizado |6.35 x 3.05 Mts C-20,"Poste Metalico Galvanizado 6.35 x 3.05 Mts Calibre 20 ideal para muros en interior o Fachadas.

Medidas: 6.35 Cms Ancho x 3.05 Mts Largo 
Calibre 20",1  día habil,Dipemsa,Perfiles galvanizados,0,,$179.00,false,4,90,2026-06-29 13:25:58.002895,[],
508,101011,GAL,Poste Metalico Galvanizado |9.20 x 3.05 Mts C-20,"Poste Metalico Galvanizado 9.20 x 3.05 Mts Calibre 20 ideal para muros en interior o Fachadas.

Medidas: 9.20 Cms Ancho x 3.05 Mts Largo 
Calibre 20",1 dia habil,Dipemsa,Perfiles galvanizados,0,,$239.62,false,4,90,2026-06-29 13:25:58.002895,[],
511,12717,B24,Punta con Tope Truper |Truper,Punta con Tope Truper ideal para atornilladores que no cuentan con capuchon.,1 día hábil,Truper,Herramientas,20,,$72.00,false,10,0,2026-06-29 13:25:58.002895,[],
515,RMPR25K,87,Ready Mix  Panel Rey |25Kg Panel Rey,"Ready Mix Panel Rey ideal para relleno y resane de juntas en tableros de yeso.

Uso:Interior

Rendimiento Aprox : 1.7 mts2/Kg",1 día,Panel Rey,Compuestos y cintas,100,,$357.43,false,105,94,2026-06-29 13:25:58.002895,"[""1805"", ""326"", ""324"", ""325"", ""220"", ""221""]",https://drive.google.com/file/d/1qafNdfl0n3UN6SrvQgN_QMZRoof8oyks/view
516,101014,87,Ready Mix  Panel Rey |28 Kg Panel Rey,"Ready Mix Panel Rey ideal para relleno y resane de juntas en tableros de yeso.

Uso:Interior

Rendimiento Aprox : 1.7 mts2/Kg",1 día,Panel Rey,Compuestos y cintas,100,,$584.64,false,104,94,2026-06-29 13:25:58.002895,"[""220"", ""1805"", ""325"", ""326"", ""324"", ""221""]",https://drive.google.com/file/d/1qafNdfl0n3UN6SrvQgN_QMZRoof8oyks/view
517,101013,87,Ready Mix  Panel Rey |5 Kg Panel Rey,"Ready Mix Panel Rey ideal para relleno y resane de juntas en tableros de yeso.

Uso:Interior

Rendimiento Aprox : 1.7 mts2/Kg",1 día,Panel Rey,Compuestos y cintas,100,,$161.99,false,103,94,2026-06-29 13:25:58.002895,"[""1805"", ""326"", ""324"", ""325"", ""220"", ""221""]",https://drive.google.com/file/d/1qafNdfl0n3UN6SrvQgN_QMZRoof8oyks/view
518,RM6PR,87,Ready Mix  Panel Rey |6 Kg Panel Rey,"Ready Mix Panel Rey ideal para relleno y resane de juntas en tableros de yeso.

Uso:Interior

Rendimiento Aprox : 1.7 mts2/Kg",1 día,Panel Rey,Compuestos y cintas,100,,$221.49,false,102,94,2026-06-29 13:25:58.002895,"[""1805"", ""326"", ""324"", ""325"", ""220"", ""221""]",https://drive.google.com/file/d/1qafNdfl0n3UN6SrvQgN_QMZRoof8oyks/view
519,101009,88,Reborde J Galvanizado| 3.05 Mts C-26,"Reborde J c26 Ideal para Plafones y Muros Interiores y Exteriores.

Medida: 1/2"" 3.05 Mts Largo 
Calibre 26",1 dia Habil,Dipemsa,Perfiles galvanizados,45,,$38.00,false,85,83,2026-06-29 13:25:58.002895,[],
619,982801,B31,Sellador Hibrido Salchicha Cempanel |600 Ml,"Sellador Hibrido para juntas color gris concreto.

Empaque: Salchicha 600 Ml
Color: Gris Concreto
Rendimiento: 14 mts Lineales",1 a 2 días hábiles,Cempanel,Cempanel,0,,$714.12,false,80,80,2026-06-29 13:25:58.002895,[],
624,101220,B36,Tablaroca  Anti Moho USG |1/2.in  1.22 x 2.44 mts,"Tablaroca Anti Moho USG ideal para muros y plafones interiores con exposición a la humedad o al Moho. 

Medida:1.22 x 2.44 Mts
Espesor:1/2""
Uso: Interior",1 a 2 días hábiles.,Usg,Tablaroca y durock,0,,$376.00,false,93,98,2026-06-29 13:25:58.002895,"[""1433"", ""498"", ""117"", ""1805"", ""771"", ""220""]",https://drive.google.com/file/d/10mZ6WRjPStYFOTCr_KxXz4n0L8yewmv7/view?usp=drive_link
675,101025,B44,Taquete de Madera |1/4 100 piezas,"Taquete de Madera Liso.

Presentación 100 Piezas
Medidas: 1/4""",1 día hábil,Dipemsa,Tornilleria,244,,$22.01,false,83,75,2026-06-29 13:25:58.002895,[],
694,101121,104,"Tee Principal Donn Usg 15/16"" 3.66 Mts |Pieza","Este sistema es económico, simple y versátil, permitiendo el máximo acceso. El sistema de suspensión acústico DONN® DX®/DXL™ es resistente a la oxidación y ofrece capacidades de soporte de carga adecuadas para los paneles acústicos, luminarias y elementos de distribución de aire. Este sistema se puede utilizar en aplicaciones de uso general y contra incendios.

Medidas: 3.66 Mts Largo 
Color: Blanco",1 a 2 dias habiles,Usg,Plafones y suspension,0,,$418.34,false,61,93,2026-06-29 13:25:58.002895,[],
708,101122,109,"Tee Secundaria Donn 15/16""  USG|.61 Mts Blanca Pieza","Este sistema es económico, simple y versátil, permitiendo el máximo acceso. El sistema de suspensión acústico DONN® DX®/DXL™ es resistente a la oxidación y ofrece capacidades de soporte de carga adecuadas para los paneles acústicos, luminarias y elementos de distribución de aire. Este sistema se puede utilizar en aplicaciones de uso general y contra incendios.

Medidas: .61 Mts Largo 
Color: Blanco",1 a 2 dias habiles,Usg,Plafones y suspension,0,,$70.39,false,59,92,2026-06-29 13:25:58.002895,[],
710,101123,109,"Tee Secundaria Donn 15/16""  USG|1.22 Mts Blanca Pieza","Este sistema es económico, simple y versátil, permitiendo el máximo acceso. El sistema de suspensión acústico DONN® DX®/DXL™ es resistente a la oxidación y ofrece capacidades de soporte de carga adecuadas para los paneles acústicos, luminarias y elementos de distribución de aire. Este sistema se puede utilizar en aplicaciones de uso general y contra incendios.

Medidas: 1.22 Mts Largo 
Color: Blanco",1 a 2 dias habiles,Usg,,0,,$124.44,false,55,92,2026-06-29 13:25:58.002895,[],
72,101111,12,Alambre Galvanizado|Cal 12,"Alambre Galvanizado calibre 12 ideal para amarrar o colgantear.

Presentacion: Rollo de 1 Kg",1 dia habil,Dipemsa,Perfiles galvanizados,1,,$58.23,false,83,82,2026-06-29 13:25:58.002895,[],
73,101031,12,Alambre Galvanizado|Cal 14,"Alambre Galvanizado calibre 14 ideal para amarrar o colgantear.

Presentacion: Rollo de 1 Kg",1 día hábil,Dipemsa,Perfiles galvanizados,23,,$59.61,false,83,82,2026-06-29 13:25:58.002895,[],
74,101110,12,Alambre Galvanizado|Cal 16,"Alambre Galvanizado calibre 16 ideal para amarrar o colgantear.

Presentacion: Rollo de 1 Kg",1 día hábil,Dipemsa,Perfiles galvanizados,20,,$61.92,false,83,82,2026-06-29 13:25:58.002895,[],
75,101032,12,Alambre Galvanizado|Cal 18,"Alambre Galvanizado calibre 18 ideal para amarrar o colgantear.

Presentacion: Rollo de 1 Kg",1 día hábil,Dipemsa,Perfiles galvanizados,19,,$67.23,false,83,82,2026-06-29 13:25:58.002895,[],
765,984171,B52,Tinta Cempanel |19 Lt,Tinta Cempanel ideal para uso en exterior para pintar todo tipo de tableros de fibrocemento.,3 a 4 días hábiles,Cempanel,Cempanel,0,,"$4,268.60",false,75,76,2026-06-29 13:25:58.002895,[],
77,496-1395,A11,"Angulo con Clavo 1 1/4"" | Caja 100 piezas","El angulo con clavo es ideal para trabajar en superficies de concreto. Es compatible con los modelos de herramientas: GB-100, GB-100S y GB-350A.

Medida: 1 1/4""
Uso:Concreto 
Presentacion: Caja con 100 Piezas",1 día,Gram bel,Sistemas de fijacion directa,0,,$225.50,false,83,92,2026-06-29 13:25:58.002895,[],
771,101019,118,"Tornillo 6 x 1"" cuerda fina |100 piezas","Tornillo 6 x 1"" S1 Cabeza plana cuerda fina ideal para fijar paneles de yeso.

Presentacion: 100 Piezas 
Medidas: 6 mm cabeza x 1"" Largo",1 día hábil,Dipemsa,Tornilleria,7,,$31.00,false,91,79,2026-06-29 13:25:58.002895,[],
772,101240,118,"Tornillo 6 x 1"" cuerda fina |1000 piezas","Tornillo 6 x 1"" S1 Cabeza plana cuerda fina ideal para fijar paneles de yeso.

Presentacion: 1,000 Piezas
Medidas: 6 mm cabeza x 1"" Largo",1 día hábil,Dipemsa,Tornilleria,76,,$193.62,false,91,79,2026-06-29 13:25:58.002895,[],
773,101241,118,"Tornillo 6 x 1"" cuerda fina |10,000 piezas","Tornillo 6 x 1"" S1 Cabeza plana cuerda fina ideal para fijar paneles de yeso.

Presentacion: 10,000 Piezas
Medidas: 6 mm cabeza x 1"" Largo",1 día hábil,Dipemsa,Tornilleria,3,,$1659.60,false,91,79,2026-06-29 13:25:58.002895,[],
774,101069,119,"Tornillo 8 X 1 1/4"" Punta de Broca |100 piezas","Tornillo 8 x 1 1/4""  Cabeza plana punta de broca ideal para fijar paneles de cemento o yeso en exterior.

Presentacion: 100 Piezas
Medidas: 8 mm cabeza x 1 1/4"" Largo",1 día hábil,Dipemsa,Tornilleria,38,,$77.00,false,88,77,2026-06-29 13:25:58.002895,[],
775,101244,119,"Tornillo 8 X 1 1/4"" Punta de Broca |500 piezas","Tornillo 8 x 1 1/4""  Cabeza plana punta de broca ideal para fijar paneles de cemento o yeso en exterior.

Presentacion: 500 Piezas
Medidas: 8 mm cabeza x 1 1/4"" Largo",1 día hábil,Dipemsa,Tornilleria,2,,$297.92,false,88,77,2026-06-29 13:25:58.002895,[],
776,101245,119,"Tornillo 8 X 1 1/4"" Punta de Broca |4,000 piezas","Tornillo 8 x 1 1/4""  Cabeza plana punta de broca ideal para fijar paneles de cemento o yeso en exterior.

Presentacion: 4,000 Piezas
Medidas: 8 mm cabeza x 1 1/4"" Largo",1 día hábil,Dipemsa,Tornilleria,2,,"$2,042.89",false,88,77,2026-06-29 13:25:58.002895,[],
777,101017,120,"Tornillo 8 X 1/2"" Punta de Broca |100 piezas","Tornillo 8 x 1/2"" Tek Cabeza plana punta de broca ideal para unir metales.

Presentacion: 100 Piezas
Medidas: 8 mm cabeza x 1/2"" Largo",1 día hábil,Dipemsa,Tornilleria,30,,$37.00,false,90,78,2026-06-29 13:25:58.002895,[],
778,101242,120,"Tornillo 8 X 1/2"" Punta de Broca |1000 piezas","Tornillo 8 x 1/2"" Tek Cabeza plana punta de broca ideal para unir metales.

Presentacion: 1,000 Piezas
Medidas: 8 mm cabeza x 1/2"" Largo",1 día hábil,Dipemsa,Tornilleria,3,,$288.82,false,90,78,2026-06-29 13:25:58.002895,[],
779,101243,120,"Tornillo 8 X 1/2"" Punta de Broca |10,000 piezas","Tornillo 8 x 1/2"" Tek Cabeza plana punta de broca ideal para unir metales.

Presentacion: 10,000 Piezas 
Medidas: 8 mm cabeza x 1/2"" Largo",1 día hábil,Dipemsa,Tornilleria,23,,"$2,475.60",false,87,77,2026-06-29 13:25:58.002895,[],
78,101007,13,Angulo de Amarre Galvanizado|2.50 x 3.05 c26,"Angulo de Amarre Galvanizado 2.50 x 3.05 Mts Calibre 26 ideal para plafones lisos en interiore o exterior.

Medidas: 2.50 Cms Ancho x 3.05 Mts Largo 
Calibre 26",1  dia hábil,Dipemsa,Plafones y suspension,10,,$39.07,false,63,86,2026-06-29 13:25:58.002895,[],
79,101058,13,Angulo de Amarre Galvanizado|2.50 x 3.05 c20,"Angulo de Amarre Galvanizado 2.50 x 3.05 Mts Calibre 20 ideal para plafones lisos en interiore o exterior.

Medidas: 2.50 Cms Ancho x 3.05 Mts Largo 
Calibre 20",1 día hábil,Dipemsa,Plafones y suspension,299,,$81.20,false,63,86,2026-06-29 13:25:58.002895,[],
794,101078,B56,Tundra 303 Armstrong |61 x .61 Mts C/12 Piezas,"Plafón Tundra Armstrong 303A Termoacústico. Es muy fácil de instalar, su textura media y borde regular minimiza el aspecto cuadricular 
Resistente a la suciedad, raspaduras, impacto y pandeo.
Su fibra mineral es resistente al moho y hongos.

Material: Lana Mineral 
Medida: .61 x .61 Mts 
Presentacion: Caja 12 Piezas
Linea: 15/16""",1 a 2 días hábiles,Armstrong,,0,,"$3,570.26",false,7,0,2026-06-29 13:25:58.002895,[],
812,948612,SDM,Colorcel  Resanador Cempanel |1 Litro,"Colorcel RESANADOR APM ideal para rellenar agujeros de clavos, tornillos y grietas en tableros de fibrocemento de la Línea CEMPANEL®, así como para realizar pequeñas reparaciones de superficies de yeso, madera, ladrillo y piedra.",1 a 2 días hábiles,Cempanel,Cempanel,0,,$256.39,false,78,79,2026-06-29 13:25:58.002895,[],
821,PGLL22248,Y3S,Adhesivo Glasliner Base Agua | Superficies Porosas 15L,"Adhesivo base agua formulado específicamente para la instalación de paneles de fibra de vidrio para muros (FRP o Glasliner) sobre superficies de yeso, panel de yeso, block y/o zarpeo. Rendimiento: 1.2 m2 por litro. (Dependiendo de la porosidad del sutrato).",1 a 2 días hábiles,Glasliner,Glasliner,0,," $2,070.99",false,89,89,2026-06-29 13:25:58.002895,[],https://drive.google.com/file/d/1hqIO5yxfq3SgOxuYo8mK7gJolV9zxHmB/view?usp=sharing
822,551991,IC8,"Clavo con Rondana para Concreto | FN32 1 1/4"" (100 piezas)","Clavo con Rondana Fischer ideal para aplicaciones en concreto 

Presentacion: Caja con 100 Piezas
Uso: Fijador 8 mm 
Medida: 1 1/4"" 
Uso: Concreto",1 día hábil,Fischer,Sistemas de fijacion directa,200,,$156.91,false,84,60,2026-06-29 13:25:58.002895,[],
823,551989,166,Perno Roscado Fischer | FN32 1 1/4¨ (100 piezas),"Perno Roscado Fischer ideal para aplicaciones en concreto 

Presentacion: Caja con 100 Piezas
Uso: Fijador 8 mm 
Medida: 1 1/4"" 
Uso: Concreto",1 día hábil,Fischer,Sistemas de fijacion directa,0,, $172.55,false,77,58,2026-06-29 13:25:58.002895,[],
826,551993,SWZ,"Angulo con Clavo | FNC32 1 1/4"" (100 piezas)","Angulo con Clavo Fischer ideal para aplicaciones en concreto 

Presentacion: Caja con 100 Piezas
Uso: Fijador 8 mm 
Medida: 1 1/4"" 
Uso: Concreto",1 día hábil,Fischer,Sistemas de fijacion directa,200,,$233.16,false,82,59,2026-06-29 13:25:58.002895,[],
839,544174,FPH,Mortero Epoxico Fis Em Fischer |Fis EM  Plus  390,"El mortero de inyección FIS EM Plus de fischer es un mortero de resina de epoxi de gran calidad para la máxima capacidad de carga en hormigón fisurado o comprimido, así como aplicaciones sísmicas de la categoría de rendimiento C1, C2. Es ideal para la fijación de empalmes en capas de hormigón, estanterías altas o estructuras de acero pesadas en interior y exterior.

Presentacion: Cartucho
Contenido: 390 Ml",1 a 2 días hábiles.,Fischer,Anclajes químicos y epoxicos,0,, $984.49,false,85,97,2026-06-29 13:25:58.002895,[],
840,55804,5L2,Fis P 360 S | 360ml,"El anclaje químico FIS P de fischer es una resina de poliéster para fijaciones económicas, por ejemplo: rejillas, soportes y barandillas en mampostería. No tiene homologación europea. La FIS P se utiliza con otros componentes como la varilla roscada FIS A, la varilla con roscado interno FIS E junto con el tamíz. La reutilización de cartuchos ya usados es posible gracias al cambio de boquilla especial fischer. Esto permite ahorrar tiempo y costes en el montaje.

Presentacion: Cartucho 
Contenido: 360 Ml",1 a 2 días hábiles.,Fischer,Anclajes químicos y epoxicos,0,,$367.95,false,89,99,2026-06-29 13:25:58.002895,[],
843,558758,1GG,Mortero Epóxico FIS V Plus  Fischer|Fis V Plus 360  ml,"El Anclaje Químico FIS V Plus 360 S, es un mortero híbrido de alto desempeño libre de estireno, compuesto por una resina vinylester y un agregado de cemento.

Presentacion: Cartucho 
Contenido: 360 Ml",1 día hábil,Fischer,Anclajes químicos y epoxicos,0,, $925.73,false,87,98,2026-06-29 13:25:58.002895,[],
853,240,WKC,Tee Secundaria Dipemsa |15/16.in .61 Mts Blanca Pieza,Sistema de suspensión acústico,1 día hábil,Dipemsa,Plafones y suspension,0,,$22.04,false,64,93,2026-06-29 13:25:58.002895,[],
854,EEB244,OKU,Esquinero Exterior | 2.44m,"Glasliner® es un laminado plástico elaborado con resina de poliéster y reforzado con fibra de
vidrio. Glasliner® ha sido diseñado especialmente para ofrecer protección y estética en áreas
que requieren máxima resistencia, higiene y facilidad de limpieza. 

Medida: 2.44 Mts 
Color: Blanco",1 a 2 días hábiles,Glasliner,Glasliner,0,,$27.06,false,74,74,2026-06-29 13:25:58.002895,[],https://drive.google.com/file/d/1hqIO5yxfq3SgOxuYo8mK7gJolV9zxHmB/view?usp=sharing
855,PGLL22247,Q6E,Esquinero interior | 2.44m,"Glasliner® es un laminado plástico elaborado con resina de poliéster y reforzado con fibra de
vidrio. Glasliner® ha sido diseñado especialmente para ofrecer protección y estética en áreas
que requieren máxima resistencia, higiene y facilidad de limpieza. 

Medida: 2.44 Mts 
Color: Blanco",1 a 2 días hábiles,Glasliner,Glasliner,0,, $33.25,false,75,75,2026-06-29 13:25:58.002895,[],https://drive.google.com/file/d/1hqIO5yxfq3SgOxuYo8mK7gJolV9zxHmB/view?usp=sharing
856,PGLL22246,J9K,Remate Top | 2.44m ,"Glasliner® es un laminado plástico elaborado con resina de poliéster y reforzado con fibra de
vidrio. Glasliner® ha sido diseñado especialmente para ofrecer protección y estética en áreas
que requieren máxima resistencia, higiene y facilidad de limpieza. 

Medida: 2.44 Mts 
Color: Blanco",1 a 2 días hábiles,Glasliner,Glasliner,0,, $33.71,false,78,78,2026-06-29 13:25:58.002895,[],https://drive.google.com/file/d/1hqIO5yxfq3SgOxuYo8mK7gJolV9zxHmB/view?usp=sharing
860,PGLL22245,ZNZ,Barra de división | 2.44m ,"Glasliner® es un laminado plástico elaborado con resina de poliéster y reforzado con fibra de
vidrio. Glasliner® ha sido diseñado especialmente para ofrecer protección y estética en áreas
que requieren máxima resistencia, higiene y facilidad de limpieza. 

Medida: 2.44 Mts 
Color: Blanco",1 a 2 días hábiles,Glasliner,Glasliner,0,, $48.91,false,79,79,2026-06-29 13:25:58.002895,[],https://drive.google.com/file/d/1hqIO5yxfq3SgOxuYo8mK7gJolV9zxHmB/view?usp=sharing
862,50257,801,Varilla roscada de anclaje RGM Fischer | RGM 10 x 130 mm,"La varilla roscada RG M de fischer es un componente de sistema para el empleo con las cápsulas RSB y RM II de fischer, así como con los morteros de inyección FIS PM, FIS SB, FIS EM, FIS EB, FIS V, FIS VL, FIS P Plus, FIS P y FIS Green de fischer. Debido a la inclinación del techo, es especialmente ideal para el empleo con las cápsulas RSB y RM II.

Tipo:RGM
Medida: 10 x 130 mm",1 A 3 dias habiles,Fischer,,0,, $46.35,false,0,92,2026-06-29 13:25:58.002895,[],
865,546527,YAJ,"Adhesivo Pegadototal Fischer 
|310 ml","El Pegado Total es apto para adherir en una amplia gama de materiales de construcción.
Pega en todo tipo de superficies-

Presentacion: Cartucho
Color: Blanco
Contenido: 310 Ml",1 día hábil,Fischer,,0,, $61.87,false,16,86,2026-06-29 13:25:58.002895,[],
866,539800,PQ8,Cápsula de resina RM Fischer|RM II 16,"Capsula de anclaje químico RM contiene en su interior dos componentes: una resina de vinylester libre de estireno y un catalizador. Durante la instalación y debido al giro, los bordes del corte en V de la varilla roscada rompen la cápsula dentro de la perforación y mezclan los componentes activando el mortero.

Presentacion: Capsula
Una capsula por orificio",1 día,Fischer,Anclajes químicos y epoxicos,0,, $95.75,false,76,94,2026-06-29 13:25:58.002895,[],
869,AEB244,904,Angulo exterior| 2.44m,"Glasliner® es un laminado plástico elaborado con resina de poliéster y reforzado con fibra de
vidrio. Glasliner® ha sido diseñado especialmente para ofrecer protección y estética en áreas
que requieren máxima resistencia, higiene y facilidad de limpieza. 

Medida: 2.44 Mts 
Color: Blanco",1 a 2 días hábiles,Glasliner,Glasliner,0,, $71.63,false,76,76,2026-06-29 13:25:58.002895,[],https://drive.google.com/file/d/1hqIO5yxfq3SgOxuYo8mK7gJolV9zxHmB/view?usp=sharing
870,AIB244,KEM,Angulo interior | 2.44m,"Glasliner® es un laminado plástico elaborado con resina de poliéster y reforzado con fibra de
vidrio. Glasliner® ha sido diseñado especialmente para ofrecer protección y estética en áreas
que requieren máxima resistencia, higiene y facilidad de limpieza. 

Medida: 2.44 Mts 
Color: Blanco",1 a 2 días hábiles,Glasliner,Glasliner,0,, $71.63,false,77,77,2026-06-29 13:25:58.002895,[],https://drive.google.com/file/d/1hqIO5yxfq3SgOxuYo8mK7gJolV9zxHmB/view?usp=sharing
874,241,ZLD,"Angulo Perimetral Dipemsa | 7/8"" 3.05m Blanca",Angulo de Remate Perimetral Importada 3.05 Mts Color Blanco.,1  día hábil,Dipemsa,,0,,$63.24,false,59,92,2026-06-29 13:25:58.002895,[],
879,EUSG28,VPW,"Esquinero Steelrock 
USG| 3.05 Mts c28","Esquinero USG Steelrock  es útil en la instalación de bastidores sólidos que soporten tableros de yeso y cemento, tanto en muros, plafón corrido, cajillos y otros elementos decorativos. Hecho con lámina de acero de primera calidad

Medida: 3.05 Mts 
Calibre:28",1 a 2 días hábiles,Usg,,0,,$38.00,false,3,75,2026-06-29 13:25:58.002895,[],
88,101124,17,Angulo Perimetral Donn USG|15/16.in 3.66 Mts Blanca Pieza,"Este sistema es económico, simple y versátil, permitiendo el máximo acceso. El sistema de suspensión acústico DONN® DX®/DXL™ es resistente a la oxidación y ofrece capacidades de soporte de carga adecuadas para los paneles acústicos, luminarias y elementos de distribución de aire. Este sistema se puede utilizar en aplicaciones de uso general y contra incendios.

Medidas: 3.66 Mts Largo 
Color: Blanco",1 a 2 dias habiles,Usg,,0,,$274.84,false,3,91,2026-06-29 13:25:58.002895,[],
885,PUSGCP,11R,Perfacinta USG | 5cm x 75m,"Cinta de Refuerzo para juntas, Obtenga un acabado limpio y uniforme  en uniones de paneles interiores.

Presentacion: Rollo 5 Cms x 75 Metros",1 día hábil,Usg,,0,,$112.00,false,8,95,2026-06-29 13:25:58.002895,[],
890,RJS305,KZS,Reborde J  Steelrock USG|3.05 Mts c28,"Reborde J USG Steelrock  es útil en la instalación de bastidores sólidos que soporten tableros de yeso y cemento, tanto en muros, plafón corrido, cajillos y otros elementos decorativos. Hecho con lámina de acero de primera calidad

Medida: 1/2"" x 3.05 Mts 
Calibre:28",1 a 2 días hábiles,Usg,,0,,$40.99,false,8,0,2026-06-29 13:25:58.002895,[],
898,CUSG93,LI3,Canal Steelrock  USG|9.20 x 3.05 Mts c26,"• Fabricados con lámina de primera calidad.
• Excepcional resistencia a la corrosión.
• Medidas precisas con uniformidad en los calibres.
• Cumplen con el estándar ASTM C645.
• Fabricados en México.",1 a 2 días hábiles,Usg,,0,,$86.00,false,3,79,2026-06-29 13:25:58.002895,[],
901,PUSG93,W8L,Poste USG Steelrock| 9.20 x 3.05 Mts c26,"Poste metálico USG Steelrock  es útil en la instalación de bastidores sólidos que soporten tableros de yeso y cemento, tanto en muros, plafón corrido, cajillos y otros elementos decorativos. Hecho con lámina de acero de primera calidad

Medida: 9.20 Cms x 3.05 Mts 
Calibre:26",1 a 2 días hábiles.,Usg,,0,,$96.00,false,3,80,2026-06-29 13:25:58.002895,[],
904,238,Y5S,Tee Principal Dipemsa | 15/16.in 3.66 Mts Blanca,Tee Principal Importada 3.66 Mts Color Blanco,1 día hábil,Dipemsa,Plafones y suspension,0,,$126.00,false,65,94,2026-06-29 13:25:58.002895,[],
910,AD0064,PV1,Reborde L Perfatrim  USG|2.44 Mts,"Fabricados con cinta de papel resistente laminada al perfil metálico, son excelentes para proteger y perfilar los cantos de los tableros en remates o detalles que así lo requieran.

Presentación:  2.44 m de largo",1 día hábil,Usg,,0,,$159.58,false,3,81,2026-06-29 13:25:58.002895,[],
911,RJP01,9M0,Reborde J Papel USG| 3.05 Mts,"Fabricados con cinta de papel resistente laminada al perfil metálico, son excelentes para proteger y perfilar los cantos de los tableros en remates o detalles que así lo requieran

Presentación: 2.44 m de largo",1 a 2 días hábiles,Usg,,0,,$210.54,false,15,83,2026-06-29 13:25:58.002895,[],
913,5188211,DT5,Sellador de Poliuretano Purflex Fischer |Blanco 300 ml,"Sellador profesional de poliuretano monocomponente de alta calidad de modulo medio y curado en húmedo. Purflex es un sellador con excelente adhesion, resistente y de facil aplicación.

Presentacion: Cartucho
Color: Blanco
Contenido: 300 Ml",1 dia habil,Fischer,,0,, $109.90,false,0,87,2026-06-29 13:25:58.002895,[],
914,5188255,DT5,Sellador de Poliuretano Purflex Fischer |Negro 300 ml,"Sellador profesional de poliuretano monocomponente de alta calidad de modulo medio y curado en húmedo. Purflex es un sellador con excelente adhesion, resistente y de facil aplicación.

Presentacion: Cartucho
Color: Negro
Contenido: 300 Ml",1 dia habil,Fischer,,0,, $105.90,false,0,87,2026-06-29 13:25:58.002895,[],
915,5188233,DT5,Sellador de Poliuretano Purflex Fischer |Gris 300 ml,"Sellador profesional de poliuretano monocomponente de alta calidad de modulo medio y curado en húmedo. Purflex es un sellador con excelente adhesion, resistente y de facil aplicación.

Presentacion: Cartucho
Color: Gris
Contenido: 300 Ml",1 dia habil,Fischer,,0,, $105.90,false,0,87,2026-06-29 13:25:58.002895,[],
918,518827,3QZ,Cápsula de resina RSB  Fischer|RSB 20,"La ampolla RSB es un componente de sistema del sistema Superbond de fischer para introducción de grandes cargas en hormigón fisurado y comprimido. 
Con la cápsula se fijan por ejemplo estructuras de acero pesadas, paredes con aislamiento acústico y estanterías altas. Los componentes se fijan con la varilla roscada RG M de Fischer y la varilla con roscado interno RG MI de Fischer",1 día,Fischer,Anclajes químicos y epoxicos,0,, $155.53,false,77,95,2026-06-29 13:25:58.002895,[],
921,AUSG26,C8Z,Angulo de Amarre Steelrock  USG|3.05 Mts c26,"Angulo USG Steelrock  es útil en la instalación de bastidores sólidos que soporten tableros de yeso y cemento, tanto en muros, plafón corrido, cajillos y otros elementos decorativos. Hecho con lámina de acero de primera calidad

Medida: 3.05 Mts 
Calibre:26",1 a 2 días hábiles,Usg,,0,,$33.00,false,16,76,2026-06-29 13:25:58.002895,[],
922,551986,XJ7,Clavo para concreto | Fns 19 (200 piezas),"Clavo Fischer ideal para aplicaciones en concreto 

Presentacion: Caja con 100 Piezas
Uso: Fijador 8 mm 
Medida: 1/2"" 
Uso: Acero",1 día hábil,Fischer,,0,, $104.40,false,0,57,2026-06-29 13:25:58.002895,[],
924,94727,C5J,Espuma de Poliuretano Fischer | PU 500 ml Reutilizable,"La espuma de instalación de alta calidad con sistema adaptador de fijación.

Presentacion: Lata
Contenido: 500 Ml
Valvula: Reutilizable",1 a 2 días hábiles,Fischer,,0,, $139.73,false,0,85,2026-06-29 13:25:58.002895,[],
925,535892,16P,Sellador-Adhesivo MS Express Fischer |Blanco 290 ml,"Sellante-adhesivo monocomponente de elevadas prestaciones mecánicas, diseñado para el sellado y pegado de materiales diversos. Presenta una excelente resistencia a la decoloración por exposición a los rayos U.V.

Presentacion: Cartucho
Color: Blanco
Contenido: 290 Ml",1 dia habil,Fischer,,0,, $138.21,false,0,86,2026-06-29 13:25:58.002895,[],
929,50260,801,Varilla roscada de anclaje RGM Fischer | RGM 20 x 260 mm,"La varilla roscada RG M de fischer es un componente de sistema para el empleo con las cápsulas RSB y RM II de fischer, así como con los morteros de inyección FIS PM, FIS SB, FIS EM, FIS EB, FIS V, FIS VL, FIS P Plus, FIS P y FIS Green de fischer. Debido a la inclinación del techo, es especialmente ideal para el empleo con las cápsulas RSB y RM II.

Tipo:RGM
Medida: 20 x 260 mm",1 A 3 dias habiles,Fischer,,0,, $191.64,false,3,92,2026-06-29 13:25:58.002895,[],
934,538489,16P,Sellador-Adhesivo MS Express Fischer |Cristal 290 ml,"Sellante-adhesivo monocomponente de elevadas prestaciones mecánicas, diseñado para el sellado y pegado de materiales diversos. Presenta una excelente resistencia a la decoloración por exposición a los rayos U.V.

Presentacion: Cartucho
Color: Cristal
Contenido: 290 Ml",1 día hábil,Fischer,,0,, $160.32,false,0,86,2026-06-29 13:25:58.002895,[],
937,CUSG41,LI3,Canal Steelrock  USG|4.10 x 3.05 Mts c22,"• Fabricados con lámina de primera calidad.
• Excepcional resistencia a la corrosión.
• Medidas precisas con uniformidad en los calibres.
• Cumplen con el estándar ASTM C645.
• Fabricados en México.",1 a 2 días hábiles,Usg,,0,,$93.99,false,3,79,2026-06-29 13:25:58.002895,[],
939,94728,C5J,Espuma de Poliuretano Fischer |PU 750 ml Reutilizable,"La espuma de instalación de alta calidad con sistema adaptador de fijación.

Presentacion: Lata
Contenido: 750 Ml
Valvula: Reutilizable",1 día hábil,Fischer,,0,, $172.10,false,0,85,2026-06-29 13:25:58.002895,[],
943,5188277,7HZ,Sellador de Poliuretano Purflex  Salchicha  Fischer |Blanco 600 ml,"El Sellador de Poliuretano Purflex Fischer es un sellador profesional monocomponente de alta calidad, de módulo medio que cura con la humedad ambiental.

Presentacion: Salchicha
Color: Blanco
Contenido: 600 Ml",1 día hábil,Fischer,,0,, $168.65,false,0,88,2026-06-29 13:25:58.002895,[],
944,5188288,7HZ,Sellador de Poliuretano Purflex  Salchicha  Fischer |Gris 600 ml,"El Sellador de Poliuretano Purflex Fischer es un sellador profesional monocomponente de alta calidad, de módulo medio que cura con la humedad ambiental.

Presentacion: Salchicha
Color: Gris
Contenido: 600 Ml",1 día hábil,Fischer,,0,, $168.65,false,19,88,2026-06-29 13:25:58.002895,[],
945,5188299,7HZ,Sellador de Poliuretano Purflex  Salchicha  Fischer |Negro 600 ml,"El Sellador de Poliuretano Purflex Fischer es un sellador profesional monocomponente de alta calidad, de módulo medio que cura con la humedad ambiental.

Presentacion: Salchicha
Color: Negro
Contenido: 600 Ml",1 día hábil,Fischer,,0,, $168.65,false,0,88,2026-06-29 13:25:58.002895,[],
949,948194,A35,Cempanel Cemplank Cedar | 8 mm 0.24 x 3.66 Mts,"Plano fabricado en medidas estandarizadas con textura en relieve aparente a vetas de madera, ofreciendo una estética inigualable, se puede utilizar en interior y en exterior..",18 a 20 dias habiles pedido minimo de fabricacion 200 piezas,Cempanel,Cempanel,0,,$302.79,false,86,94,2026-06-29 13:25:58.002895,[],
954,523226,5L2,Mortero Fis P Fischer |FIS P Plus 300 T,"El anclaje químico FIS P de fischer es una resina de poliéster para fijaciones económicas, por ejemplo: rejillas, soportes y barandillas en mampostería. No tiene homologación europea. La FIS P se utiliza con otros componentes como la varilla roscada FIS A, la varilla con roscado interno FIS E junto con el tamíz. La reutilización de cartuchos ya usados es posible gracias al cambio de boquilla especial fischer. Esto permite ahorrar tiempo y costes en el montaje.

Presentacion: Cartucho 
Contenido: 300 Ml",1 a 2 días hábiles.,Fischer,Anclajes químicos y epoxicos,0,, $306.63,false,88,99,2026-06-29 13:25:58.002895,[],
955,PE61122,B15,Plafon Embozado Glasliner |.61 x 1.22 Mts 2.3 mm (Pieza),"Glasliner® es un laminado plástico elaborado con resina de poliéster y reforzado con fibra de
vidrio. Glasliner® ha sido diseñado especialmente para ofrecer protección y estética en áreas
que requieren máxima resistencia, higiene y facilidad de limpieza. 

Tipo: Embozado
Espesor:2.3 mm 
Medida: .61 x 1.22 Mts 
Color: Blanco",1 a 2 días hábiles,Glasliner,Plafones y suspension,0,, $292.16,false,99,99,2026-06-29 13:25:58.002895,[],https://drive.google.com/file/d/1wCQGPYUM0c4Fr16u5Va2IoFSgz1Qa9NF/view?usp=sharing
962,PP122,BZP,Plafon Texturizado Polar USG| .61 x 1.22  C/4 Piezas,"Peso: 21 kg 
Se componen de un tablero de yeso marca Tablaroca® con finas texturas decorativas. Se suministran listos para instalarse sobre suspensión marca DONN®
 Su bajo peso facilita la colocación, tiene excelentes
propiedades contra el fuego, propagación a la flama y generación de humos",1 a 2 días hábiles,Usg,Plafones y suspension,0,,$622.19,false,74,84,2026-06-29 13:25:58.002895,[],
963,PS122,YLS,Plafon Texturizado Solar USG| .61 x 1.22  C/4 Piezas,"Se componen de un tablero de yeso marca Tablaroca® con finas texturas decorativas. Se suministran listos para instalarse sobre suspensión marca DONN®
 Su bajo peso facilita la colocación, tiene excelentes
propiedades contra el fuego, propagación a la flama y generaciónde humos",1 a 2 días hábiles,Usg,Plafones y suspension,0,,$622.19,false,73,85,2026-06-29 13:25:58.002895,[],